id,country,beachcode,beachname,2012_abund,2012_nbsur,2013_abund,2013_nbsur,2014_abund,2014_nbsur,2015_abund,2015_nbsur,2016_abund,2016_nbsur,2017_abund,2017_nbsur,2018_abund,2018_nbsur,2019_abund,2019_nbsur,2020_abund,2020_nbsur,2021_abund,2021_nbsur,2022_abund,2022_nbsur,2023_abund,2023_nbsur,cluster,totalLitter,avgLitter,totalSurvey,avgSurvey,litter_slope,litter_intercept,robustGrowthRate,stdLitter,maxLitterYear,minLitterYear,predicted_litter_2025
2,Sweden,11,Rullsand,282.8,3,330.0,3,128.4,2,120.8,3,48.4,3,183.0,3,150.6,3,279.0,3,143.0,3,211.0,3,199.0,3,168.0,3,0,2244.0,187.0,35,2.9166666666666665,-3.822377622377621,7898.646853146851,-1.3516186783513513,79.4726711174694,2013_abund,2016_abund,158.33216783216722
5,Sweden,41,Mälarhusen,31.3,3,19.0,3,12.3,3,31.1,3,25.0,3,16.0,3,23.0,3,21.0,3,12.0,3,33.0,3,5.0,3,10.0,3,0,238.7,19.891666666666666,36,3.0,-1.1045454545454538,2248.31212121212,-3.528899215800172,9.14553625181888,2021_abund,2022_abund,11.607575757575889
6,Sweden,501,Sudde strand,,0,,0,10.1,2,6.0,3,5.1,3,11.3,3,15.1,3,14.3,3,40.0,3,33.0,3,33.0,3,57.0,3,0,224.9,22.49,29,2.4166666666666665,5.066060606060606,-10203.353333333334,,17.29871221925044,2023_abund,2016_abund,55.41939393939356
7,Sweden,51,Tofta,145.5,3,105.8,3,265.6,3,162.4,3,403.0,3,336.2,3,396.3,3,183.0,3,132.0,3,182.0,3,116.0,3,90.0,3,0,2517.8,209.8166666666667,36,3.0,-6.488811188811189,13300.99324009324,-4.459664047292914,112.4482655457274,2016_abund,2023_abund,161.15058275058254
8,Sweden,511,Storsand,,0,,0,6.5,1,34.0,3,18.0,3,19.5,3,10.3,3,27.0,3,10.0,3,5.0,3,17.0,3,29.0,3,0,176.3,17.630000000000003,28,2.333333333333333,0.0406060606060609,-64.33333333333397,,9.91307217768538,2015_abund,2021_abund,17.893939393939405
9,Sweden,521,Järavallen/Sjöängarna,,0,,0,,0,25.0,2,161.0,3,396.5,3,327.2,3,299.8,3,396.0,3,615.0,3,978.0,3,1007.0,3,0,4205.5,467.27777777777777,26,2.1666666666666665,114.74666666666666,-231206.2422222222,,339.3256981786738,2023_abund,2015_abund,1155.7577777777624
10,Sweden,531,Nybrostrand,,0,,0,,0,43.3,3,38.3,3,31.3,3,17.1,3,28.2,3,8.0,3,10.0,3,13.0,3,12.0,3,0,201.2,22.355555555555554,27,2.25,-4.213333333333334,8529.075555555557,,13.17280447656374,2015_abund,2020_abund,0.0
11,Sweden,541,Kårehamn strand/Skanviken,,0,,0,,0,14.6,3,4.4,3,6.0,3,4.7,3,8.4,3,9.0,3,5.0,3,10.0,3,9.0,3,0,71.1,7.899999999999999,27,2.25,-0.0549999999999997,118.94499999999952,,3.287856444554719,2015_abund,2016_abund,7.570000000000007
12,Sweden,61,Sjauster,11.0,3,5.4,3,21.4,3,7.1,3,8.5,3,7.0,3,4.1,3,4.5,3,4.0,3,3.0,3,7.0,3,10.0,3,0,93.0,7.75,36,3.0,-0.5447552447552445,1106.7937062937058,-4.95232040686586,4.955162597093698,2014_abund,2021_abund,3.6643356643355673
14,Sweden,81,Nåttarö,21.0,3,56.5,3,16.0,3,25.0,3,27.0,3,9.0,3,65.0,3,31.0,3,10.0,3,19.0,3,17.0,3,36.0,3,0,332.5,27.70833333333333,36,3.0,-0.6171328671328671,1272.7738927738926,-2.9387279387279386,17.433586098173382,2018_abund,2017_abund,23.07983682983672
19,Belgium,BE001,Oostende,88.0,2,210.0,3,145.5,4,89.5,4,92.0,5,145.5,2,,0,,0,,0,,0,,0,,0,0,770.5,128.41666666666666,20,1.6666666666666667,-3.5000000000000013,7179.16666666667,-3.977272727272728,48.40187668537932,2013_abund,2012_abund,91.66666666666696
21,Belgium,BE003,Raversijde,94.0,1,158.0,4,132.0,3,91.0,5,129.0,3,174.0,1,,0,,0,,0,,0,,0,,0,0,778.0,129.66666666666666,17,1.4166666666666667,7.771428571428572,-15525.876190476192,8.267477203647418,33.29063932499144,2017_abund,2015_abund,211.2666666666664
25,Bulgaria,BG0001,Durankulak,,0,,0,,0,169.0,3,85.7,1,1365.0,6,242.0,8,268.0,8,286.0,8,117.5,8,106.0,8,,0,0,2639.2,329.9,50,4.166666666666667,-41.583333333333336,84265.85833333334,,425.22005395526,2017_abund,2016_abund,59.608333333337214
27,Bulgaria,BG0002,Krapets  North,,0,,0,,0,338.0,3,80.3,1,873.5,6,495.5,8,383.0,8,362.0,8,118.0,8,110.0,8,,0,0,2760.3,345.0375,50,4.166666666666667,-36.363095238095255,73743.94523809527,,262.01542450506884,2017_abund,2016_abund,108.67738095238748
29,Bulgaria,BG0003,Asparuhovo,,0,,0,,0,382.5,3,318.5,1,2755.5,6,1393.0,8,926.0,8,1285.5,8,383.0,8,266.0,8,,0,0,7710.0,963.75,50,4.166666666666667,-63.92857142857141,130003.5714285714,,851.7122669741734,2017_abund,2022_abund,548.2142857142899
30,Bulgaria,BG0004,Shkorpilovtsi,,0,,0,,0,164.0,3,156.0,1,1527.0,6,603.5,8,422.0,8,546.5,8,150.5,8,204.0,8,,0,0,3773.5,471.6875,50,4.166666666666667,-34.172619047619044,69449.11904761904,,464.1848413771024,2017_abund,2021_abund,249.56547619047345
32,Bulgaria,BG0005,Children camp Obzor,,0,,0,,0,115.7,3,149.0,1,1171.0,6,567.5,8,414.5,8,300.5,8,220.0,8,196.5,8,,0,0,3134.7,391.8375,50,4.166666666666667,-21.95119047619048,44700.31547619048,,348.4074951526896,2017_abund,2015_abund,249.15476190477057
34,Bulgaria,BG0006,Irakli,,0,,0,,0,143.3,3,413.0,1,1036.5,6,687.0,8,332.5,8,482.0,8,270.0,8,113.5,8,,0,0,3477.8,434.725,50,4.166666666666667,-35.01904761904762,71120.67261904762,,305.7031788703359,2017_abund,2022_abund,207.10119047618355
36,Bulgaria,BG0007,Salt Pans JSC,,0,,0,,0,206.0,3,181.7,1,392.5,6,501.0,8,353.5,8,228.5,8,167.5,8,68.0,8,,0,0,2098.7,262.3375,50,4.166666666666667,-19.95833333333334,40548.233333333344,,141.31786801897547,2018_abund,2022_abund,132.60833333332994
37,Bulgaria,BG0008,Alepu beach,,0,,0,,0,312.7,3,108.0,1,815.0,6,430.0,8,608.0,8,647.0,8,182.0,8,126.0,8,,0,0,3228.7,403.5875,50,4.166666666666667,-15.034523809523812,30750.773809523816,,265.32468754608675,2017_abund,2016_abund,305.86309523809905
40,Bulgaria,BG0010,Byala - Karadere beach,,0,,0,,0,,0,,0,1035.5,6,433.5,8,417.0,8,456.5,8,150.0,8,90.5,8,,0,0,2583.0,430.5,46,3.8333333333333335,-158.17142857142858,319857.7,,335.01417880442017,2017_abund,2022_abund,0.0
42,Germany,BINZ_SO_01,Binz östl. Silvitzer Ort,41.0,5,21.0,4,30.5,4,43.0,4,82.5,4,80.0,4,73.0,3,45.0,4,49.5,4,38.0,4,44.0,3,24.0,5,0,571.5,47.625,48,4.0,-0.0506993006993008,149.91083916083954,-0.1236568309739046,20.560470679083554,2016_abund,2013_abund,47.24475524475524
43,Slovenia,BS1,Bele Skale 1,3881.0,1,,0,1466.0,2,1982.0,10,,0,445.5,6,337.0,2,555.5,4,435.5,2,,0,,0,,0,2,9102.5,1300.357142857143,27,2.25,-398.4985632183907,804844.245689655,-10.267935151208212,1298.2950266370417,2012_abund,2018_abund,0.0
46,Germany,BUG_SW_01,Bug Südwestküste,,0,55.0,3,25.5,4,32.0,4,12.5,4,56.0,4,20.0,2,57.5,4,33.5,4,25.0,3,,0,,0,0,317.0,35.22222222222222,32,2.6666666666666665,-0.6250000000000001,1295.8472222222224,,16.88029752239114,2019_abund,2016_abund,30.22222222222217
84,Germany,DARSS_MÜL_01,Darß Weststrand Müllerweg,,0,21.0,3,86.5,4,15.5,4,18.0,3,31.0,4,13.0,4,8.0,4,15.5,4,19.5,4,12.5,4,16.5,4,0,257.0,23.363636363636363,42,3.5,-3.0409090909090923,6159.918181818184,,21.73946976019759,2014_abund,2019_abund,2.0772727272724296
88,Germany,DE001,Sylt (island),166.0,5,250.0,3,145.0,4,136.0,5,101.0,2,78.0,4,80.0,4,57.5,4,68.5,4,35.5,4,59.0,4,42.0,4,0,1218.5,101.54166666666669,47,3.9166666666666665,-15.089160839160831,30543.923659673645,-9.08985592720532,62.54978320336433,2013_abund,2021_abund,0.0
90,Germany,DE002,Scharhörn (island),199.0,3,280.0,3,83.5,2,36.0,3,45.0,3,228.0,3,81.0,3,50.0,3,90.5,2,101.0,3,250.0,3,270.0,3,0,1714.0,142.83333333333334,34,2.833333333333333,2.7062937062937067,-5317.11421911422,1.3599465860772395,94.5391533447995,2013_abund,2015_abund,163.1305361305358
92,Germany,DE003,Minsener Oog (island),114.5,4,206.0,4,85.0,4,144.5,4,97.0,6,110.0,3,97.0,4,69.5,4,93.5,4,107.0,4,95.0,4,211.0,4,0,1430.0,119.16666666666669,49,4.083333333333333,-0.468531468531468,1064.4289044289033,-0.4091977891104523,45.45593937256631,2023_abund,2019_abund,115.6526806526806
93,Germany,DE005,Juist,48.5,4,92.5,4,170.5,4,29.0,5,66.0,5,91.0,3,13.5,4,24.0,4,24.0,4,25.5,4,16.5,4,4.5,2,0,605.5,50.458333333333336,47,3.9166666666666665,-8.431818181818178,17061.651515151505,-17.38519212746016,47.845612667361166,2014_abund,2023_abund,0.0
94,Germany,DE006,Sylt Hörnum North,,0,,0,,0,,0,,0,76.5,2,64.5,4,99.5,4,91.5,4,73.5,4,41.5,4,54.5,4,0,501.5,71.64285714285714,26,2.1666666666666665,-4.928571428571428,10027.35714285714,,20.21079391009147,2019_abund,2022_abund,47.0
95,Germany,DE007,Mellum West,,0,,0,,0,,0,,0,127.0,3,258.0,5,145.0,4,296.0,3,147.0,5,114.5,4,110.0,3,0,1197.5,171.07142857142858,27,2.25,-11.999999999999996,24411.07142857142,,74.49296866787081,2020_abund,2023_abund,111.07142857142752
96,Germany,DE008,Juist Wilhelmshöhe,,0,,0,,0,,0,,0,66.0,3,27.0,4,41.0,4,23.5,4,14.0,4,10.5,4,12.0,3,0,194.0,27.714285714285715,26,2.1666666666666665,-7.928571428571427,16043.428571428569,,19.96634072394744,2017_abund,2022_abund,0.0
99,Denmark,DK001,MSFD Nymindegab strand,292.0,1,213.0,2,236.0,2,252.0,3,221.0,3,235.0,3,96.0,3,165.0,3,289.0,3,242.0,3,600.0,3,,0,0,2841.0,258.27272727272725,29,2.4166666666666665,13.781818181818188,-27539.65454545456,4.7198007471980095,125.96514669470352,2022_abund,2018_abund,368.52727272727134
100,Denmark,DK004,MSFD Skagen strand,,0,,0,,0,3137.0,3,609.0,3,535.0,3,399.0,3,427.0,3,1010.0,3,454.0,3,116.0,3,,0,0,6687.0,835.875,24,2.0,-243.6785714285715,492701.0714285716,,962.851484987616,2015_abund,2022_abund,0.0
102,Denmark,DK007,Risoe-Roskilde,,0,,0,,0,39.0,3,44.0,4,44.5,4,40.5,4,43.5,4,28.0,4,37.5,4,20.5,4,,0,0,297.5,37.1875,31,2.583333333333333,-2.482142857142858,5047.392857142859,,8.593758116879284,2017_abund,2022_abund,21.05357142857065
104,Denmark,DK008,MSFD Pomlenakke,,0,,0,55.8,1,43.0,3,134.0,3,125.0,3,97.0,3,29.0,3,33.0,3,34.0,3,38.5,4,,0,0,589.3,65.47777777777777,26,2.1666666666666665,-6.570000000000001,13323.73777777778,,41.73552976115728,2016_abund,2019_abund,19.48777777777832
105,Denmark,DK009,MSFD Kofoeds enge,,0,,0,,0,87.0,3,113.0,3,44.4,3,94.9,3,52.0,3,33.0,3,59.0,3,43.5,4,,0,0,526.8,65.85,25,2.083333333333333,-7.757142857142861,15723.642857142864,,28.76466085817308,2016_abund,2020_abund,15.428571428570647
121,Spain,ES001,A Lanzada,,0,377.0,3,500.0,3,294.0,4,718.0,5,356.0,3,463.0,4,364.5,4,337.0,3,96.5,4,152.0,5,250.0,3,0,3908.0,355.27272727272725,41,3.4166666666666665,-30.663636363636385,62234.49090909095,,169.74500929870717,2016_abund,2021_abund,140.62727272727352
123,Spain,ES002,Baldaio,,0,52.0,5,98.0,4,205.0,3,148.5,4,95.0,5,227.5,4,134.0,3,42.0,3,93.0,5,97.0,3,104.5,4,0,1296.5,117.86363636363636,43,3.583333333333333,-2.2863636363636384,4731.745454545458,,57.49308258786048,2018_abund,2020_abund,101.8590909090908
125,Spain,ES003,Valdevaqueros beach,,0,26.0,4,57.0,5,30.0,3,57.0,4,53.0,5,46.0,3,34.0,5,44.0,3,48.0,3,38.0,4,27.5,4,0,460.5,41.86363636363637,43,3.583333333333333,-0.540909090909091,1133.418181818182,,11.476260081339454,2014_abund,2013_abund,38.07727272727266
127,Spain,ES004,O Rostro,,0,58.0,5,87.0,3,50.5,4,56.5,4,100.0,5,147.0,3,75.5,4,77.0,3,72.0,5,20.0,3,38.0,4,0,781.5,71.04545454545455,43,3.583333333333333,-2.6090909090909107,5336.190909090913,,33.793086974597735,2018_abund,2022_abund,52.78181818181929
129,Spain,ES005,La Vega,,0,140.0,4,283.0,4,243.5,4,333.0,5,258.0,3,212.5,4,153.0,5,97.0,3,107.0,3,110.0,5,39.0,4,0,1976.0,179.63636363636363,44,3.6666666666666665,-19.85000000000001,40236.93636363638,,91.93315259173129,2016_abund,2023_abund,40.68636363636324
132,Spain,ES007,Agiti,,0,420.5,4,416.0,5,415.0,3,352.0,4,289.5,4,419.5,4,312.0,4,291.0,3,96.0,5,188.0,4,264.0,3,0,3463.5,314.8636363636364,43,3.583333333333333,-25.009090909090915,50783.20909090911,,105.61559802157323,2013_abund,2021_abund,139.8000000000029
134,Spain,ES008,Menacoz,,0,290.0,5,255.0,4,248.0,4,215.0,4,117.5,4,281.0,3,187.0,4,117.5,4,150.0,3,125.0,4,153.0,4,0,2139.0,194.45454545454547,43,3.583333333333333,-14.768181818181825,29996.64545454546,,66.32663663470903,2013_abund,2017_abund,91.0772727272706
136,Spain,ES010,Covas,,0,51.0,5,33.5,4,49.0,4,29.5,4,27.0,3,48.0,5,48.0,3,37.0,4,56.5,4,46.5,4,88.0,3,0,514.0,46.72727272727273,43,3.583333333333333,2.686363636363638,-5374.354545454548,,16.676875661171724,2023_abund,2017_abund,65.53181818181838
138,Spain,ES011,Castilla,,0,72.0,5,284.5,4,759.0,3,288.0,4,247.0,4,89.0,3,210.5,4,74.0,3,60.0,4,49.5,4,64.0,4,0,2197.5,199.77272727272728,42,3.5,-32.19545454545457,65170.20000000004,,208.5692167646467,2015_abund,2022_abund,0.0
139,Spain,ES012,Castilnovo,,0,118.0,4,88.0,5,111.0,3,147.5,4,137.0,5,246.0,2,80.0,4,68.0,3,103.0,3,54.0,4,72.5,4,0,1225.0,111.36363636363636,41,3.4166666666666665,-5.486363636363638,11182.845454545455,,53.3057646550028,2018_abund,2022_abund,72.95909090908935
140,Spain,ES013,Oyambre,,0,156.0,1,997.0,4,586.0,5,374.0,3,216.5,4,247.0,4,212.0,4,446.0,4,294.0,3,142.0,4,295.0,4,0,3965.5,360.5,40,3.333333333333333,-31.468181818181836,63863.29090909094,,248.4794760136137,2014_abund,2022_abund,140.22272727272502
141,Spain,ES014,Rodas,,0,,0,,0,978.5,4,530.0,5,130.0,3,91.0,4,154.5,4,150.0,3,274.0,4,336.5,4,407.5,4,0,3052.0,339.1111111111111,35,2.9166666666666665,-41.95833333333333,85052.9861111111,,280.4707847728727,2015_abund,2018_abund,87.3611111111095
159,Estonia,EST001,Viimsi,126.3,3,179.0,3,65.7,3,65.7,3,166.3,1,76.0,3,60.0,3,55.9,3,57.0,3,109.0,3,96.0,3,,0,0,1056.9,96.0818181818182,31,2.583333333333333,-5.304545454545456,10795.350000000002,-4.199956812783417,44.24849869050515,2013_abund,2019_abund,53.64545454545441
160,Estonia,EST002,Orissaare,32.0,3,95.0,3,109.3,3,58.3,3,29.0,1,41.0,3,155.0,3,46.0,3,38.0,3,32.0,3,27.0,3,,0,0,662.6,60.23636363636364,31,2.583333333333333,-3.540909090909093,7202.250000000004,-11.065340909090915,41.64344540806566,2018_abund,2022_abund,31.90909090909099
161,Estonia,EST003,Kolga-Aabla,199.2,3,111.2,3,31.3,3,29.0,3,129.2,1,38.0,3,26.0,3,14.0,3,12.0,3,19.0,3,24.0,3,,0,0,632.9,57.53636363636363,31,2.583333333333333,-13.053636363636368,26386.72090909092,-6.5530303030303045,61.271237505493104,2012_abund,2020_abund,0.0
162,Estonia,EST004,Loksa,189.2,3,133.2,3,121.4,3,94.2,3,239.0,1,43.0,3,62.0,3,117.0,3,39.0,3,112.0,3,59.0,3,,0,0,1209.0,109.9090909090909,31,2.583333333333333,-10.130909090909093,20543.95272727273,-5.354603113588316,61.90265672078145,2016_abund,2020_abund,28.861818181820126
163,Estonia,EST005,Valgeranna,156.3,3,337.3,3,187.3,3,142.3,3,321.0,1,246.3,3,264.0,3,211.0,3,154.0,3,163.0,3,126.3,3,,0,0,2308.8,209.8909090909091,31,2.583333333333333,-7.879090909090913,16102.017272727282,-5.041005060198921,72.86549875689391,2013_abund,2022_abund,146.85818181818286
164,Estonia,EST006,Saka,152.0,3,102.3,3,72.4,3,18.3,3,149.1,1,58.3,3,27.0,3,33.3,3,32.0,3,25.0,3,23.0,3,,0,0,692.7,62.97272727272728,31,2.583333333333333,-10.61363636363637,21470.677272727287,-6.9826555023923484,50.17003270696743,2012_abund,2015_abund,0.0
165,Estonia,EST007,Kaleste,,0,,0,68.5,3,40.8,3,61.1,1,28.4,3,48.5,3,29.4,3,27.5,3,65.0,3,151.2,3,,0,0,520.4,57.82222222222222,25,2.083333333333333,5.620000000000002,-11283.33777777778,,38.51180915569203,2022_abund,2020_abund,97.16222222222314
166,Estonia,EST008,Metsapoole,,0,,0,28.0,3,44.0,3,27.0,1,14.0,3,12.5,3,13.0,3,18.5,3,14.0,3,23.0,3,,0,0,194.0,21.55555555555556,25,2.083333333333333,-2.1333333333333337,4326.622222222223,,10.342401934646407,2015_abund,2018_abund,6.622222222222263
167,Estonia,EST009,Nõva,,0,,0,51.0,3,85.0,3,19.0,1,14.0,3,22.0,3,18.0,3,23.0,3,13.0,3,9.0,3,,0,0,254.0,28.22222222222222,25,2.083333333333333,-6.200000000000002,12539.822222222228,,24.49886618691658,2015_abund,2022_abund,0.0
168,Estonia,EST010,Ohessaare,,0,,0,54.2,3,64.0,3,20.2,1,26.0,3,24.3,3,36.3,3,37.0,3,18.0,3,15.0,3,,0,0,295.0,32.77777777777778,25,2.083333333333333,-4.181666666666668,8471.381111111114,,16.861255719680084,2015_abund,2022_abund,3.506111111109931
171,Germany,FEHM_GRÜ_01,Fehmarn NSG Grüner Brink,87.0,4,120.5,4,175.5,4,103.5,4,48.0,4,91.5,4,55.0,3,124.0,3,48.5,4,63.0,3,,0,,0,0,916.5,91.65,37,3.083333333333333,-6.542424242424243,13284.448484848486,-7.520027864855451,40.82894534246234,2014_abund,2016_abund,36.03939393939436
172,Germany,FEHM_KRU_01,Fehmarn Krummsteert,36.5,4,12.0,4,20.5,4,23.0,4,17.0,3,22.5,4,14.0,3,14.0,3,14.0,4,15.0,3,,0,,0,0,188.5,18.85,36,3.0,-1.4151515151515153,2872.5030303030303,-3.877127438771274,7.30696015225666,2012_abund,2013_abund,6.821212121211829
173,Germany,FEHM_WAL_01,Fehmarn NSG Wallnau,59.0,4,58.0,4,69.0,3,40.0,5,63.0,4,47.0,4,42.0,3,53.5,4,36.0,4,26.0,3,,0,,0,0,493.5,49.35,38,3.1666666666666665,-3.263636363636364,6630.472727272729,-5.531587057010786,13.449597267824291,2014_abund,2021_abund,21.60909090909172
174,Finland,FI0001,Mustfinn,241.8,1,227.0,3,145.3,3,158.6,3,183.8,3,114.2,2,192.2,3,190.0,3,73.7,3,65.8,3,25.7,3,39.5,3,0,1657.6,138.13333333333335,33,2.75,-17.2076923076923,34854.65256410255,-7.116498059426096,73.32336020338369,2012_abund,2022_abund,9.075641025643565
175,Finland,FI0002,Kotka outer,172.0,3,125.0,3,218.0,3,165.0,3,48.5,2,11.5,2,45.0,3,52.0,3,26.0,2,60.0,1,30.0,3,33.0,2,0,986.0,82.16666666666667,30,2.5,-14.479020979020977,29293.59149184149,-8.418035452919172,69.03238151019923,2014_abund,2017_abund,0.0
176,Finland,FI0003,Kotka inner,162.0,3,278.0,3,87.0,3,105.0,3,72.5,2,,2,2.0,3,6.0,3,10.0,2,13.0,1,,3,5.0,2,0,740.5,74.05,30,2.5,-19.963192721257244,40341.80603804799,-12.32295846991188,89.98655763810255,2013_abund,2018_abund,0.0
177,Finland,FI0004,Utö,60.3,3,17.2,3,12.5,3,4.4,3,2.5,3,9.1,2,10.0,3,23.4,3,15.6,3,17.8,3,12.2,3,12.5,3,0,197.5,16.458333333333332,35,2.9166666666666665,-1.447902097902097,2937.600815850813,-2.401164341462847,14.951221192648951,2012_abund,2016_abund,5.599067599067894
178,Finland,FI0005,Örö,,0,,0,,0,,0,37.0,3,20.0,3,44.5,2,24.0,3,16.0,3,8.0,3,22.0,3,13.0,3,0,184.5,23.0625,23,1.9166666666666667,-3.2797619047619064,6646.54166666667,,12.207835598499845,2018_abund,2021_abund,5.023809523809177
179,Finland,FI0006,Björkö,35.0,3,47.0,3,30.0,3,32.0,3,22.0,3,14.0,3,28.0,3,15.0,3,34.0,3,,0,,0,,0,0,257.0,28.55555555555556,27,2.25,-2.033333333333334,4127.755555555557,-5.809523809523812,10.393641218445907,2013_abund,2017_abund,10.255555555555476
181,Finland,FI0008,Rauma outer,,0,,0,,0,,0,,0,18.0,2,50.0,3,30.0,3,15.0,3,18.5,2,33.5,2,32.0,3,0,197.0,28.142857142857142,18,1.5,-0.0892857142857142,208.5,,12.202166084054795,2018_abund,2020_abund,27.696428571428555
182,Finland,FI0009,Rauma inner,,0,,0,,0,,0,,0,11.0,2,18.0,3,11.0,3,17.0,3,14.5,2,12.5,2,10.0,3,0,94.0,13.428571428571429,18,1.5,-0.3749999999999999,770.9285714285713,,3.1415040377258183,2018_abund,2023_abund,11.553571428571445
183,Finland,FI0010,Helsinki Pihlajasaari,448.0,3,1367.0,3,1497.0,3,302.0,3,185.0,3,195.5,4,171.0,3,333.0,3,46.5,4,52.0,3,28.0,3,55.5,2,0,4680.5,390.0416666666667,37,3.083333333333333,-95.59965034965032,193262.3362470862,-21.339207667332666,504.2836259276994,2014_abund,2022_abund,0.0
184,Finland,FI0011,Kaarina,345.5,3,278.2,3,399.1,3,220.0,3,206.8,2,138.6,2,319.5,2,165.9,2,55.5,3,82.7,3,78.2,3,50.9,3,0,2340.9,195.075,32,2.6666666666666665,-28.04090909090908,56767.60909090907,-8.1160373635048,119.8484203635424,2014_abund,2023_abund,0.0
185,Finland,FI0012,Kalajoki,,0,,0,,0,204.0,2,31.7,2,6.4,1,379.9,3,32.8,3,41.4,3,26.1,3,46.9,3,23.6,3,0,792.8,88.08888888888889,23,1.9166666666666667,-16.251666666666665,32900.203888888886,,124.18563166128,2018_abund,2017_abund,0.0
186,Finland,FI0013,Kokkola,,0,,0,,0,421.6,2,253.7,1,70.3,2,269.0,3,271.2,3,78.0,3,60.2,3,85.6,3,111.0,3,0,1620.6,180.0666666666667,23,1.9166666666666667,-32.63166666666667,66063.40166666667,,127.72193429477962,2015_abund,2021_abund,0.0
187,Finland,FI0014,Turku Ruissalo,1287.0,3,917.0,3,566.0,3,547.0,3,1797.0,3,1513.0,3,324.0,3,143.0,3,225.0,3,158.0,3,227.0,3,293.0,3,1,7997.0,666.4166666666666,36,3.0,-97.06643356643356,196497.94638694637,-7.542069430181317,575.5834128530071,2016_abund,2019_abund,0.0
192,France,FR002,Le Stang,1228.0,4,267.0,4,,0,,0,,0,,0,,0,505.0,4,456.0,3,275.0,4,257.0,4,390.5,4,0,3378.5,482.6428571428572,27,2.25,-47.584798994974925,96535.95854271368,-3.874983631512616,342.9745756230475,2012_abund,2022_abund,176.74057788946084
195,France,FR004,Le Havre,989.0,4,,0,,0,,0,,0,,0,,0,2249.5,4,1477.0,3,940.5,4,979.5,4,175.0,4,0,6810.5,1135.0833333333333,23,1.9166666666666667,-42.99032258064516,87954.03978494622,-4.346847581460582,687.6046405214748,2019_abund,2023_abund,898.6365591397771
198,France,FR006,Sein,303.0,5,161.0,3,250.0,3,103.5,4,41.0,4,116.5,4,136.0,4,208.5,4,132.5,4,239.0,4,177.0,3,290.0,4,0,2158.0,179.83333333333334,46,3.8333333333333335,2.066433566433566,-3989.1963869463857,0.6819912760506818,79.88040302776888,2012_abund,2016_abund,195.3315850815848
199,France,FR007,Koubou,1243.0,4,266.0,4,915.0,4,321.5,4,361.0,4,454.0,5,454.0,3,677.0,4,780.0,5,284.0,3,165.5,4,438.5,4,0,6359.5,529.9583333333334,48,4.0,-38.21853146853146,77635.84557109555,-3.07470084219883,315.61379293034514,2012_abund,2022_abund,243.3193473193387
200,France,FR008,Kerizella,152.5,4,130.5,4,276.0,4,134.5,4,312.0,4,158.5,4,72.5,4,18.5,4,397.0,5,59.0,3,90.0,4,103.0,4,0,1904.0,158.66666666666666,48,4.0,-7.279720279720278,14845.502331002328,-4.773587068669035,112.94212784618608,2020_abund,2019_abund,104.06876456876488
204,France,FR011,Larmor Plougastel,973.0,3,986.0,3,593.0,4,372.0,4,299.0,4,161.0,4,269.5,4,245.0,5,77.0,3,86.0,3,147.5,4,,0,0,4209.0,382.6363636363636,41,3.4166666666666665,-86.90000000000003,175659.93636363643,-8.931140801644402,328.8616799589982,2013_abund,2020_abund,0.0
205,France,FR012,Trielen,215.5,4,224.0,4,590.5,4,,0,,0,,0,,0,,0,79.0,4,46.0,3,127.0,5,63.0,3,0,1345.0,192.14285714285717,27,2.25,-26.47052401746725,53605.8788209607,-12.28330580856949,189.44188077211487,2014_abund,2021_abund,3.06768558951444
208,France,FR015,Dunes St Frieux,,0,,0,,0,,0,961.0,2,644.0,5,1630.5,4,725.0,3,699.0,3,,0,,0,44.0,1,0,4703.5,783.9166666666666,18,1.5,-134.35405405405407,272022.3594594595,,514.9363471990172,2018_abund,2023_abund,0.0
211,France,FR017,La Barre,,0,,0,5723.0,3,2807.0,4,2053.5,4,2857.0,5,2979.0,3,354.5,4,756.0,2,1616.5,2,,0,,0,1,19146.5,2393.3125,27,2.25,-523.5178571428572,1058590.5892857146,,1663.578370722496,2014_abund,2019_abund,0.0
213,France,FR019,La Grandville,,0,,0,,0,,0,2015.5,2,460.0,4,598.5,4,316.0,4,198.0,3,343.5,4,313.5,4,246.5,4,0,4491.5,561.4375,29,2.4166666666666665,-166.6488095238096,337108.7083333335,,600.7665007245803,2016_abund,2020_abund,0.0
214,France,FR020,Le Valais,,0,,0,,0,,0,433.5,2,130.5,4,196.0,4,536.0,4,269.0,3,362.0,4,429.0,4,310.0,4,0,2666.0,333.25,29,2.4166666666666665,10.226190476190476,-20318.541666666668,,134.03943982489417,2019_abund,2017_abund,389.4940476190459
215,France,FR021,Merville Franceville,,0,,0,,0,,0,284.0,1,140.5,4,103.0,4,74.0,4,93.0,3,112.5,2,,0,,0,0,807.0,134.5,18,1.5,-29.40000000000001,59478.400000000016,,76.47875521999558,2016_abund,2019_abund,0.0
216,France,FR022,Zuydcoote,,0,,0,,0,,0,,0,340.5,4,238.0,4,183.5,4,215.5,2,167.0,5,199.0,3,99.5,4,0,1443.0,206.14285714285717,26,2.1666666666666665,-29.19642857142857,59182.928571428565,,73.7369843236273,2017_abund,2023_abund,60.16071428571013
217,France,FR023,Donnant,,0,,0,,0,,0,,0,576.0,1,304.5,2,1132.0,4,2021.0,3,921.0,4,438.5,4,544.0,4,0,5937.0,848.1428571428571,22,1.8333333333333333,-1.3928571428571372,3661.7142857142735,,590.3948335849574,2020_abund,2018_abund,841.1785714285716
229,France,FR035,Les Selliers,,0,,0,,0,,0,,0,,0,1034.0,3,268.0,4,1202.0,3,949.5,4,568.0,4,742.5,4,0,4764.0,794.0,22,1.8333333333333333,-23.14285714285714,47554.14285714285,,340.1906818241793,2020_abund,2019_abund,689.8571428571449
233,France,FR039,Les Trois Pierres,,0,,0,,0,,0,,0,861.0,1,393.0,3,316.0,5,359.0,2,137.0,3,170.0,4,191.0,4,0,2427.0,346.7142857142857,22,1.8333333333333333,-94.10714285714285,190443.14285714284,,247.38008157874137,2017_abund,2021_abund,0.0
234,France,FR040,La Baie de Gatseau,,0,,0,,0,,0,,0,,0,340.0,3,842.0,5,552.5,2,791.0,3,155.5,4,216.0,4,0,2897.0,482.8333333333333,21,1.75,-69.74285714285715,141398.2761904762,,292.4275408826376,2019_abund,2022_abund,168.99047619049088
236,France,FR042,Le Grand Crohot Sud,,0,,0,,0,,0,,0,,0,1186.0,2,1651.5,4,627.0,3,275.0,4,191.5,4,440.5,4,0,4371.5,728.5833333333334,21,1.75,-241.70000000000005,489083.4333333334,,574.1973020370843,2019_abund,2022_abund,0.0
237,France,FR043,La Pointe du Teich,,0,,0,,0,,0,,0,,0,357.0,2,112.5,4,106.0,3,49.5,4,50.5,4,36.5,4,0,712.0,118.66666666666669,21,1.75,-52.71428571428573,106627.880952381,,120.98209233877,2018_abund,2023_abund,0.0
238,France,FR044,Le Banc d'Arguin,,0,,0,,0,,0,,0,,0,635.0,3,1197.5,4,98.0,3,83.0,4,40.0,3,193.5,4,0,2247.0,374.5,21,1.75,-162.71428571428572,329138.7142857143,,458.5335320344631,2019_abund,2022_abund,0.0
239,France,FR045,Le Wharf,,0,,0,,0,,0,,0,,0,582.0,3,585.0,4,77.5,2,274.5,4,140.0,2,486.0,4,0,2145.0,357.5,19,1.5833333333333333,-46.22857142857144,93762.3285714286,,224.1713630239153,2019_abund,2020_abund,149.471428571429
257,France,FR501,Fourat,,0,,0,,0,236.0,1,346.5,12,205.5,12,89.0,12,49.5,12,90.5,4,125.5,4,77.0,4,142.0,4,0,1361.5,151.27777777777777,65,5.416666666666667,-22.38333333333334,45343.22777777779,,95.1502466861986,2016_abund,2019_abund,16.9777777777781
258,France,FR502,La Crouste,,0,,0,,0,345.0,1,567.0,12,583.5,12,518.0,12,231.5,12,1987.0,4,993.0,4,450.0,4,310.5,4,0,5985.5,665.0555555555555,65,5.416666666666667,29.983333333333327,-59871.29444444443,,542.602608063929,2020_abund,2019_abund,844.9555555555562
260,France,FR504,Napoleon,,0,,0,,0,,0,,0,2577.5,4,3315.5,4,660.5,4,1066.0,3,696.5,4,904.5,4,812.0,4,0,10032.5,1433.2142857142858,27,2.25,-360.0892857142856,728813.5714285712,,1063.99537346828,2018_abund,2019_abund,0.0
262,France,FR505,Pomegues,,0,,0,,0,,0,,0,2331.0,4,,0,4471.0,4,2285.0,3,1526.0,4,1930.0,4,875.0,4,0,13418.0,2236.333333333333,23,1.9166666666666667,-339.6714285714285,688485.8428571428,,1221.204924108426,2019_abund,2023_abund,651.2000000000698
266,France,FR507,Le Golo,,0,514.5,2,189.0,3,468.5,4,217.5,2,221.5,4,428.5,2,,0,122.0,3,358.5,4,209.0,4,170.5,4,0,2899.5,289.95,32,2.6666666666666665,-19.21533516988062,39064.574839302106,,139.58339800993528,2013_abund,2020_abund,153.52112029384443
279,Germany,GLOWE_KH_01,Glowe östl. Königshörn,86.0,3,132.0,4,69.0,4,60.0,4,49.0,4,56.5,4,53.5,4,122.0,1,,0,,0,,0,,0,0,628.0,78.5,28,2.333333333333333,-2.2500000000000004,4613.375000000001,-2.6162790697674425,32.12142142380555,2013_abund,2016_abund,57.125
280,Germany,GÖHREN_NP_01,Göhren am Nordperd (Nordufer),158.0,5,58.0,4,19.0,4,277.0,4,99.0,4,79.0,4,100.0,4,118.0,3,139.5,4,34.5,4,40.5,4,33.5,4,0,1156.0,96.33333333333331,48,4.0,-7.090909090909087,14402.242424242417,-4.4879171461449925,72.25942320849401,2015_abund,2014_abund,43.1515151515141
323,Germany,GWOIE_HF_01,Greifswalder Oie nördl. Hafen,,0,36.0,4,55.0,3,,0,,0,33.0,5,88.0,2,,0,26.0,3,31.0,3,44.5,2,45.5,4,0,359.0,44.875,26,2.1666666666666665,-0.6595744680851063,1376.226063829787,,19.753390305753303,2018_abund,2020_abund,40.58776595744689
325,Croatia,HR000001,Nin,,0,,0,,0,,0,,0,355.0,1,97.0,1,50.0,3,157.5,2,77.5,2,39.0,2,,0,0,776.0,129.33333333333334,11,0.9166666666666666,-43.74285714285715,88468.03333333334,,118.24113779335288,2017_abund,2022_abund,0.0
326,Croatia,HR000002,Prapratna,,0,,0,,0,,0,,0,912.0,1,2824.0,1,289.0,3,553.0,2,503.5,2,206.5,2,,0,0,5288.0,881.3333333333334,11,0.9166666666666666,-292.1428571428572,590863.8333333334,,983.027347873225,2018_abund,2022_abund,0.0
327,Croatia,HR000003,Ston?ica,,0,,0,,0,,0,,0,748.0,1,907.0,1,478.1,3,472.6,2,2661.6,2,383.6,2,,0,0,5650.9,941.8166666666666,11,0.9166666666666666,98.18,-197332.69333333333,,865.243906460292,2021_abund,2022_abund,1481.806666666671
345,Ireland,IR001,Long Strand,82.0,1,90.5,4,118.5,4,129.5,4,73.0,4,161.5,4,186.0,4,108.0,4,27.0,5,139.0,3,54.5,4,44.5,4,0,1214.0,101.16666666666669,45,3.75,-3.412587412587412,6986.061771561771,-4.161691966570015,48.22500922914909,2018_abund,2020_abund,75.57226107226143
347,Ireland,IR002,Silver Strand,,0,50.5,4,154.5,4,109.0,4,9.5,4,78.5,4,33.0,4,8.0,4,6.5,4,5.5,4,17.0,4,3.5,4,0,475.5,43.22727272727273,44,3.6666666666666665,-10.65454545454546,21544.10000000001,,50.52344190391409,2014_abund,2023_abund,0.0
349,Ireland,IR003,Carnesore,,0,20.5,4,30.5,4,20.5,4,10.5,4,21.5,4,8.0,4,14.5,4,18.0,5,19.0,3,21.5,4,11.5,4,0,196.0,17.818181818181817,44,3.6666666666666665,-0.7045454545454548,1439.5909090909097,,6.361103391993905,2014_abund,2018_abund,12.886363636363512
351,Ireland,IR004,Clogherhead - South,71.0,1,168.5,4,45.0,4,86.0,4,86.5,4,37.5,4,64.5,4,73.0,4,43.0,5,73.0,4,69.0,4,77.0,3,0,894.0,74.5,45,3.75,-3.0139860139860124,6155.21678321678,-4.245050723923962,33.70594768124624,2013_abund,2017_abund,51.89510489510485
656,Germany,KÄGSDF_RS_01,Kägsdorf südwestl. Riedensee,146.0,1,27.5,4,108.5,4,106.0,3,34.0,1,154.5,4,178.0,4,204.0,3,197.0,3,243.5,4,201.0,4,157.0,4,0,1757.0,146.41666666666666,39,3.25,12.64335664335664,-25361.555361305356,8.659833317367562,66.94904213223847,2021_abund,2013_abund,241.24184149184293
659,Germany,KLZICKER_OL_01,Klein Zicker südöstl. Ortslage,,0,12.0,4,17.5,4,21.0,4,64.0,3,54.0,4,24.0,3,29.5,4,34.5,4,33.5,4,78.0,3,22.0,5,0,390.0,35.45454545454545,42,3.5,2.2363636363636368,-4477.527272727274,,20.98267683763745,2022_abund,2013_abund,51.10909090909081
663,Lithuania,LT0003,Melnrage/Klaipeda,401.5,4,288.5,4,,0,,0,,0,165.0,4,204.0,4,162.0,4,179.0,3,144.0,3,123.0,4,,0,0,1667.0,208.375,30,2.5,-23.56010928961749,47746.78551912569,-5.868022239008092,92.63166305319147,2012_abund,2022_abund,37.56420765026997
664,Lithuania,LT0004,Palanga,200.5,4,109.0,4,,0,,0,,0,112.5,4,111.0,4,139.5,4,175.0,3,135.0,3,129.5,4,,0,0,1112.0,139.0,30,2.5,-1.8579234972677587,3887.82513661202,-0.9266451357943932,32.88725328408301,2012_abund,2013_abund,125.53005464480884
665,Lithuania,LT0005,Smiltyne NordBalt,,0,,0,,0,,0,,0,86.0,4,84.5,4,38.5,4,66.0,3,41.0,3,41.0,4,,0,0,357.0,59.5,22,1.8333333333333333,-9.37142857142857,18985.1,,22.33830790368868,2017_abund,2019_abund,7.957142857143481
666,Lithuania,LT0006,Nida,,0,,0,,0,,0,,0,65.0,4,91.5,4,47.5,4,70.0,3,41.0,3,32.5,4,,0,0,347.5,57.91666666666666,22,1.8333333333333333,-8.328571428571427,16877.466666666667,,21.74722204481912,2018_abund,2022_abund,12.109523809525854
667,Germany,LUBMIN_FRS_01,Lubmin westl. Freesendorfer See,,0,,0,27.0,4,13.0,3,17.5,4,26.0,4,31.5,4,47.0,2,,0,64.5,4,29.0,3,68.0,4,0,323.5,35.94444444444444,32,2.6666666666666665,4.758333333333333,-9567.95833333333,,19.617346349029415,2023_abund,2015_abund,67.66666666666788
669,Latvia,LV0001,Papes b?ka,168.0,1,139.0,1,313.0,1,209.0,1,271.0,1,311.0,1,,0,,0,176.0,1,164.0,1,,0,,0,0,1751.0,218.875,8,0.6666666666666666,-1.2361111111111098,2710.8749999999973,-0.7357804232804226,69.67155086547163,2014_abund,2013_abund,207.75
670,Latvia,LV0002,J?rmalciems,130.0,1,151.0,1,119.0,1,173.0,1,134.0,1,201.0,1,,0,,0,126.0,1,141.0,1,,0,,0,0,1175.0,146.875,8,0.6666666666666666,0.361111111111111,-581.1249999999998,0.2777777777777777,27.58590478590729,2017_abund,2014_abund,150.125
671,Latvia,LV0003,Bern?ti,113.0,1,121.0,1,83.0,1,126.0,1,181.0,1,126.0,1,,0,,0,88.0,1,234.0,1,,0,,0,0,1072.0,134.0,8,0.6666666666666666,7.513888888888891,-15014.000000000004,6.649459193706983,50.233739373339226,2021_abund,2014_abund,201.625
672,Latvia,LV0004,Liep?ja Karosta,284.0,1,58.0,1,153.0,1,206.0,1,187.0,1,167.0,1,,0,,0,192.0,1,1581.0,1,,0,,0,0,2828.0,353.5,8,0.6666666666666666,97.47222222222224,-196150.50000000003,34.32120500782474,499.9214223969889,2021_abund,2013_abund,1230.75
673,Latvia,LV0005,Ziemupe,144.0,1,96.0,1,85.0,1,100.0,1,75.0,1,32.0,1,,0,,0,78.0,1,88.0,1,,0,,0,0,698.0,87.25,8,0.6666666666666666,-4.861111111111113,9887.250000000004,-3.3757716049382736,31.06099989191775,2012_abund,2017_abund,43.5
674,Latvia,LV0006,P?vilosta,547.0,1,233.0,1,60.0,1,206.0,1,102.0,1,109.0,1,186.0,1,,0,370.0,1,356.0,1,,0,,0,0,2169.0,241.0,9,0.75,0.6088235294117709,-986.5235294117772,0.1113022905688795,157.0517430657807,2012_abund,2014_abund,246.34411764705877
675,Latvia,LV0007,J?rkalne,109.0,1,189.0,1,135.0,1,77.0,1,273.0,1,204.0,1,,0,,0,136.0,1,108.0,1,,0,,0,0,1231.0,153.875,8,0.6666666666666666,-0.8611111111111109,1889.8749999999995,-0.7900101936799183,63.96525284424796,2016_abund,2015_abund,146.125
676,Latvia,LV0008,Uava,141.0,1,65.0,1,95.0,1,228.0,1,107.0,1,167.0,1,198.0,1,,0,159.0,1,137.0,1,,0,,0,0,1297.0,144.11111111111111,9,0.75,5.542647058823529,-11031.097058823529,3.930955360867751,50.98392993003885,2015_abund,2013_abund,192.7632352941182
677,Latvia,LV0009,Ventspils centrs,157.0,1,103.0,1,119.0,1,159.0,1,150.0,1,263.0,1,,0,,0,190.0,1,262.0,1,,0,,0,0,1403.0,175.375,8,0.6666666666666666,13.875000000000004,-27796.625000000007,8.837579617834397,59.835339533948144,2017_abund,2013_abund,300.25
678,Latvia,LV0010,Staldzene,188.0,1,124.0,1,254.0,1,206.0,1,84.0,1,58.0,1,345.0,1,,0,159.0,1,137.0,1,,0,,0,0,1555.0,172.77777777777777,9,0.75,-1.516176470588234,3229.726470588233,-0.8064768460575713,88.38661914817447,2018_abund,2017_abund,159.46911764705874
680,Latvia,LV0012,Ovi?i,76.0,1,137.0,1,79.0,1,131.0,1,144.0,1,264.0,1,,0,,0,292.0,1,225.0,1,,0,,0,0,1348.0,168.5,8,0.6666666666666666,21.56944444444445,-43315.500000000015,28.38084795321638,82.05398919526792,2020_abund,2012_abund,362.625
682,Latvia,LV0014,Mazirbe,50.0,1,92.0,1,56.0,1,60.0,1,113.0,1,124.0,1,,0,,0,93.0,1,58.0,1,,0,,0,0,646.0,80.75,8,0.6666666666666666,1.916666666666668,-3783.2500000000023,3.833333333333336,28.519416944551004,2017_abund,2012_abund,98.0
683,Latvia,LV0015,Kolka,120.0,1,233.0,1,220.0,1,54.0,1,200.0,1,129.0,1,253.0,1,,0,1459.0,1,271.0,1,,0,,0,0,2939.0,326.55555555555554,9,0.75,72.7926470588235,-146439.59705882348,60.66053921568625,430.5563584221905,2020_abund,2015_abund,965.5132352941146
684,Latvia,LV0016,P?rciems,54.0,1,147.0,1,63.0,1,60.0,1,54.0,1,168.0,1,,0,,0,80.0,1,84.0,1,,0,,0,0,710.0,88.75,8,0.6666666666666666,0.902777777777778,-1731.2500000000002,1.6718106995884778,44.20326426213987,2017_abund,2012_abund,96.875
685,Latvia,LV0017,Roja,264.0,1,210.0,1,145.0,1,109.0,1,136.0,1,111.0,1,,0,,0,211.0,1,166.0,1,,0,,0,0,1352.0,169.0,8,0.6666666666666666,-4.166666666666667,8569.0,-1.5782828282828285,54.91291807424344,2012_abund,2015_abund,131.5
686,Latvia,LV0018,Kaltene,65.0,1,21.0,1,58.0,1,172.0,1,128.0,1,135.0,1,,0,,0,107.0,1,104.0,1,,0,,0,0,790.0,98.75,8,0.6666666666666666,6.555555555555556,-13117.250000000002,10.085470085470089,48.51435722693703,2015_abund,2013_abund,157.75
687,Latvia,LV0019,M?rsrags,145.0,1,124.0,1,125.0,1,39.0,1,82.0,1,81.0,1,194.0,1,,0,51.0,1,120.0,1,,0,,0,0,961.0,106.77777777777776,9,0.75,-2.4029411764705886,4951.641176470588,-1.6572008113590264,48.54837221209837,2018_abund,2015_abund,85.68529411764666
688,Latvia,LV0020,Abragciems,61.0,1,40.0,1,52.0,1,18.0,1,14.0,1,19.0,1,,0,,0,19.0,1,47.0,1,,0,,0,0,270.0,33.75,8,0.6666666666666666,-2.166666666666668,4401.750000000003,-3.5519125683060127,18.37506073848076,2012_abund,2016_abund,14.25
689,Latvia,LV0021,Engure,569.0,1,171.0,1,580.0,1,154.0,1,620.0,1,53.0,1,,0,,0,29.0,1,68.0,1,,0,,0,0,2244.0,280.5,8,0.6666666666666666,-49.91666666666667,100912.5,-8.77270064440539,260.86394921491166,2016_abund,2020_abund,0.0
690,Latvia,LV0022,Apuciems,87.0,1,157.0,1,1417.0,1,57.0,1,282.0,1,224.0,1,,0,,0,391.0,1,480.0,1,,0,,0,0,3095.0,386.875,8,0.6666666666666666,6.638888888888892,-12997.125000000004,7.630906768837807,440.6097844384044,2014_abund,2015_abund,446.625
692,Latvia,LV0024,Jaun?emeri,217.0,1,152.0,1,97.0,1,45.0,1,214.0,1,106.0,1,287.0,1,,0,121.0,1,161.0,1,,0,,0,0,1400.0,155.55555555555554,9,0.75,1.2558823529411751,-2376.5823529411737,0.5787476280834908,74.0035659801457,2018_abund,2015_abund,166.57941176470604
693,Latvia,LV0025,Lielupes ieteka,118.0,1,86.0,1,104.0,1,45.0,1,148.0,1,665.0,1,,0,,0,460.0,1,375.0,1,,0,,0,0,2001.0,250.125,8,0.6666666666666666,47.18055555555557,-94865.87500000004,39.983521657250485,223.611549343946,2017_abund,2015_abund,674.75
694,Latvia,LV0026,Vakarbu??i,111.0,1,194.0,1,215.0,1,123.0,1,172.0,1,275.0,1,,0,,0,104.0,1,237.0,1,,0,,0,0,1431.0,178.875,8,0.6666666666666666,4.125,-8137.125,3.716216216216216,62.71804821124914,2017_abund,2020_abund,216.0
695,Latvia,LV0027,Daugavgr?va,134.0,1,704.0,1,666.0,1,468.0,1,731.0,1,808.0,1,,0,,0,1324.0,1,940.0,1,,0,,0,0,5775.0,721.875,8,0.6666666666666666,88.2777777777778,-177246.12500000006,65.87893864013269,344.57528205023647,2020_abund,2012_abund,1516.375
696,Latvia,LV0028,Vec??i,272.0,1,330.0,1,334.0,1,126.0,1,468.0,1,236.0,1,,0,,0,715.0,1,577.0,1,,0,,0,0,3058.0,382.25,8,0.6666666666666666,43.18055555555556,-86669.75,15.875204248366014,192.8246798074799,2020_abund,2015_abund,770.875
697,Latvia,LV0029,Gaujas ieteka,114.0,1,,0,125.0,1,75.0,1,45.0,1,71.0,1,,0,,0,308.0,1,386.0,1,,0,,0,0,1124.0,160.57142857142858,7,0.5833333333333334,31.92592592592591,-64215.77777777775,28.005198180636764,132.09195930973888,2021_abund,2016_abund,434.222222222219
698,Latvia,LV0030,Lilaste,69.0,1,165.0,1,171.0,1,190.0,1,144.0,1,154.0,1,229.0,1,,0,89.0,1,177.0,1,,0,,0,0,1388.0,154.22222222222223,9,0.75,3.1970588235294106,-6291.758823529409,4.6334185848252325,49.256415261815846,2018_abund,2012_abund,182.28529411764796
699,Latvia,LV0031,Saulkrasti,223.0,1,178.0,1,173.0,1,310.0,1,476.0,1,470.0,1,188.0,1,,0,306.0,1,176.0,1,,0,,0,0,2500.0,277.77777777777777,9,0.75,4.1352941176470575,-8059.894117647056,1.854391981007649,122.693497971345,2016_abund,2014_abund,314.0764705882357
700,Latvia,LV0032,Zvejniekciems,145.0,1,258.0,1,307.0,1,130.0,1,196.0,1,264.0,1,263.0,1,,0,325.0,1,140.0,1,,0,,0,0,2028.0,225.33333333333331,9,0.75,3.194117647058821,-6214.717647058818,2.2028397565922906,74.38749894975633,2020_abund,2015_abund,253.37058823529424
701,Latvia,LV0033,T?ja,290.0,1,,0,340.0,1,498.0,1,126.0,1,183.0,1,,0,,0,121.0,1,94.0,1,,0,,0,0,1652.0,236.0,7,0.5833333333333334,-30.932870370370367,62609.9236111111,-10.666507024265645,147.57709849431245,2015_abund,2021_abund,0.0
702,Latvia,LV0034,Salacgr?va,100.0,1,108.0,1,120.0,1,76.0,1,151.0,1,130.0,1,,0,,0,99.0,1,134.0,1,,0,,0,0,918.0,114.75,8,0.6666666666666666,2.166666666666667,-4253.250000000001,2.166666666666667,23.77724001765434,2016_abund,2015_abund,134.25
703,Latvia,LV0035,Kuivii,538.0,1,113.0,1,135.0,1,101.0,1,119.0,1,145.0,1,,0,,0,104.0,1,110.0,1,,0,,0,0,1365.0,170.625,8,0.6666666666666666,-24.319444444444454,49198.62500000002,-4.520342833539861,149.20641263507602,2012_abund,2015_abund,0.0
704,Latvia,LV0036,Robea,,0,144.0,1,100.0,1,402.0,1,351.0,1,557.0,1,249.0,1,,0,282.0,1,122.0,1,,0,,0,0,2207.0,275.875,8,0.6666666666666666,1.8693693693693685,-3494.1756756756736,,157.36348959381544,2017_abund,2014_abund,291.29729729729706
705,Latvia,LV0037,Lau?u akmens,,0,75.0,1,99.0,1,134.0,1,124.0,1,281.0,1,,0,,0,90.0,1,48.0,1,,0,,0,0,851.0,121.57142857142856,7,0.5833333333333334,-3.0212765957446805,6214.191489361701,,76.01065088274832,2017_abund,2021_abund,96.10638297872356
706,Latvia,LV0038,Veczemju klintis,,0,104.0,1,114.0,1,133.0,1,56.0,1,120.0,1,,0,,0,239.0,1,103.0,1,,0,,0,0,869.0,124.14285714285714,7,0.5833333333333334,7.845744680851064,-15697.361702127662,,56.10534309501658,2020_abund,2016_abund,190.27127659574217
718,Italy,MAD_ABR_1,Lido Saraceni,,0,,0,,0,,0,,0,562.1,6,425.8,6,603.0,6,615.5,2,386.0,2,379.0,2,,0,0,2971.4,495.23333333333335,24,2.0,-29.211428571428577,59487.71333333334,,110.28324744342028,2020_abund,2022_abund,334.5704761904708
719,Italy,MAD_ABR_2,Pineto località Scerne di Pineto,,0,,0,,0,746.7,3,960.9,6,2134.8,6,2398.5,6,2404.5,6,1813.0,2,1798.0,2,1058.5,2,,0,0,13314.9,1664.3625000000002,33,2.75,64.38928571428575,-128305.41071428578,,660.3092607418349,2019_abund,2015_abund,2082.892857142855
721,Italy,MAD_ABR_3,Silvi Sud,,0,,0,,0,,0,,0,557.6,6,540.9,6,721.2,6,775.0,2,1197.0,2,310.5,2,,0,0,4102.2,683.6999999999999,24,2.0,22.474285714285724,-44703.12000000002,,299.59643522578835,2021_abund,2022_abund,807.3085714285698
722,Italy,MAD_ABR_4,Vasto Località punta Aderci,,0,,0,,0,736.7,3,665.6,6,1580.3,6,1278.8,6,1343.9,6,1254.0,2,1026.5,2,1827.5,2,,0,0,9713.3,1214.1625,33,2.75,101.50357142857143,-203670.79642857143,,395.861606183272,2022_abund,2016_abund,1873.9357142857332
723,Italy,MAD_EMR_1,Area Naturale di Foce Bevano,,0,,0,,0,1230.0,3,1477.3,6,872.7,6,890.9,6,812.1,6,272.4,2,277.1,2,456.2,2,,0,0,6288.7,786.0875,33,2.75,-158.3011904761905,320317.04047619057,,435.1955141493468,2016_abund,2020_abund,0.0
724,Italy,MAD_EMR_2,Cesenatico,,0,,0,,0,2146.7,3,693.0,6,278.8,6,272.7,6,301.5,6,163.2,2,296.6,2,295.1,2,,0,0,4447.6,555.95,33,2.75,-181.68095238095245,367278.9523809525,,661.2340692112848,2015_abund,2020_abund,0.0
725,Italy,MAD_EMR_3,Porto Garibaldi,,0,,0,,0,,0,1878.8,3,860.6,6,950.0,6,553.0,6,311.3,2,320.3,2,577.5,2,,0,0,5451.5,778.7857142857143,27,2.25,-200.8285714285714,406251.6714285714,,542.5689677468706,2016_abund,2020_abund,0.0
726,Italy,MAD_EMR_4,Rimini,,0,,0,,0,246.7,3,310.0,6,731.8,6,340.9,6,295.5,6,245.0,2,107.9,2,156.9,2,,0,0,2434.7,304.3375,33,2.75,-37.43928571428573,75875.53571428572,,189.4879184803084,2017_abund,2021_abund,60.982142857130384
727,Italy,MAD_FVG_1,Fossalon,,0,,0,,0,,0,366.7,3,493.9,6,445.5,6,137.9,6,211.0,2,256.0,2,354.5,2,,0,0,2265.5,323.6428571428572,27,2.25,-26.674999999999997,54180.467857142845,,128.06711596064068,2017_abund,2019_abund,163.59285714285943
730,Italy,MAD_FVG_3,Località Isola S. Andrea presso Marano e Grado,,0,,0,,0,257.8,1,360.6,6,640.9,6,230.3,6,122.7,6,315.0,2,368.5,2,248.0,2,,0,0,2543.8,317.975,31,2.583333333333333,-13.26666666666667,27096.741666666672,,152.59462403936217,2017_abund,2019_abund,231.7416666666686
731,Italy,MAD_FVG_4,Marina Nova,,0,,0,,0,,0,1925.9,6,2233.3,6,3334.8,6,2669.7,6,2755.5,2,2422.5,2,2515.5,2,,0,1,17857.2,2551.0285714285715,30,2.5,55.99642857142852,-110505.7607142856,,443.4163157210378,2018_abund,2016_abund,2887.0071428571537
733,Italy,MAD_MAR_1,Foce del Chienti,,0,,0,,0,344.8,3,318.9,6,856.1,6,530.3,6,581.8,6,924.0,1,1393.5,2,2281.5,2,,0,0,7230.9,903.8625,32,2.6666666666666665,228.3940476190477,-460109.52261904784,,658.8216687769157,2022_abund,2016_abund,2388.4238095237524
735,Italy,MAD_MAR_2,Parco Naturale S. Bartolo di Pesaro,,0,,0,,0,1320.0,3,1621.7,6,2072.7,6,140.9,6,756.1,6,32452.0,1,6150.5,2,1572.0,2,,0,1,46085.9,5760.7375,32,2.6666666666666665,1382.8702380952386,-2785562.83809524,,10936.20005890496,2020_abund,2018_abund,14749.394047618844
736,Italy,MAD_MAR_3,Porto di S. Benedetto,,0,,0,,0,673.3,3,834.8,6,698.5,6,701.5,6,447.0,6,867.0,1,973.0,2,479.0,2,,0,0,5674.1,709.2625,32,2.6666666666666665,-4.977380952380946,10756.10595238094,,182.62767696287756,2021_abund,2019_abund,676.9095238095251
737,Italy,MAD_MAR_4,Senigallia,,0,,0,,0,,0,,0,174.2,6,100.0,6,143.9,6,147.5,2,262.0,2,341.5,2,,0,0,1169.1,194.85,24,2.0,37.88857142857144,-76321.12000000001,,89.75100556539742,2022_abund,2018_abund,403.2371428571496
738,Italy,MAD_MOL_1,Località Rio Vivo a sud di Termoli,,0,,0,,0,183.3,3,82.6,6,201.5,6,301.5,6,405.0,6,279.0,2,172.0,2,98.5,2,,0,0,1723.4,215.425,33,2.75,2.2547619047619065,-4335.811904761908,,108.1103635840973,2019_abund,2016_abund,230.0809523809521
740,Italy,MAD_PUG_1,Barletta Ponente,,0,,0,,0,470.0,3,426.6,6,449.3,6,508.3,6,261.7,6,302.0,2,218.5,2,346.0,2,,0,0,2982.4,372.8,33,2.75,-30.91666666666668,62778.091666666696,,105.85526506913648,2018_abund,2021_abund,171.84166666667443
741,Italy,MAD_PUG_2,Bosco Isola Lesina,,0,,0,,0,1497.1,3,1419.0,6,1427.8,6,1210.9,6,933.0,6,591.0,2,623.0,2,1285.5,2,,0,0,8987.300000000001,1123.4125,33,2.75,-98.20833333333331,199356.9333333333,,363.2640025322,2015_abund,2020_abund,485.05833333331975
742,Italy,MAD_PUG_3,Capo Bianco,,0,,0,,0,161.3,3,366.8,6,484.3,6,355.3,6,470.2,6,458.5,2,285.5,2,617.0,2,,0,0,3198.9,399.8625,33,2.75,33.58214285714286,-67385.69285714287,,139.24998012310706,2022_abund,2015_abund,618.1464285714173
743,Italy,MAD_VEN_1,Caorle spiaggia Brussa,,0,,0,,0,123.3,3,231.5,6,186.4,6,293.9,6,195.5,6,281.0,2,71.5,2,65.0,2,,0,0,1448.1,181.0125,33,2.75,-12.175,24756.250000000004,,88.08405786520055,2018_abund,2022_abund,101.87500000000364
745,Italy,MAD_VEN_2,Cavallino Treporti spiaggia di Cavallino,,0,,0,,0,400.0,3,622.9,6,237.9,6,518.2,6,286.4,6,593.0,2,105.5,2,455.0,2,,0,0,3218.9,402.3625,33,2.75,-16.291666666666668,33287.091666666674,,181.18523227034024,2016_abund,2021_abund,296.4666666666744
746,Italy,MAD_VEN_3,Chioggia spiaggia di Sottomarina,,0,,0,,0,583.3,3,748.5,6,1039.4,6,1503.0,6,651.5,6,1798.0,1,863.5,2,314.5,2,,0,0,7501.7,937.7125,32,2.6666666666666665,1.4011904761904777,-1890.590476190479,,493.84980202920576,2020_abund,2022_abund,946.8202380952384
747,Italy,MAD_VEN_4,Porto Tolle spiaggia di Barricata,,0,,0,,0,,0,,0,1031.8,6,1236.4,6,1469.7,6,500.0,1,894.5,2,371.0,2,,0,0,5503.400000000001,917.2333333333336,23,1.9166666666666667,-151.4114285714286,306692.61333333334,,422.6543773187103,2019_abund,2022_abund,84.47047619044315
754,Italy,MIC_BAS_2,Foce del Basento spiaggia degli Argonauti,,0,,0,,0,240.0,3,300.0,6,272.1,6,425.0,6,283.3,6,261.0,2,193.5,2,675.0,2,,0,0,2649.9,331.2375,33,2.75,27.82738095238096,-55838.330952380966,,153.9778735264073,2022_abund,2021_abund,512.1154761904763
759,Italy,MIC_CAL_1,Catanzaro Lido Foce Corace,,0,,0,,0,570.0,3,1365.5,6,431.8,6,419.7,6,497.0,6,546.5,2,204.0,2,544.0,2,,0,0,4578.5,572.3125,33,2.75,-66.28690476190478,134372.4297619048,,341.2121352619218,2016_abund,2021_abund,141.44761904759798
760,Italy,MIC_CAL_3,Corigliano Foce Crati,,0,,0,,0,226.7,3,450.0,6,147.0,6,159.1,6,125.8,6,203.0,2,158.5,2,320.0,2,,0,0,1790.1,223.7625,33,2.75,-7.972619047619049,16316.494047619051,,110.07422090182088,2016_abund,2019_abund,171.94047619047706
761,Italy,MIC_CAL_4,Crotone Foce Neto,,0,,0,,0,516.7,3,223.9,6,195.5,6,148.5,6,218.2,3,158.0,2,,0,,0,,0,0,1460.8,243.46666666666667,26,2.1666666666666665,-53.07428571428571,107320.83809523808,,137.33297734581694,2015_abund,2018_abund,0.0
763,Italy,MIC_PUG_4,Foce Lato,,0,,0,,0,425.0,3,286.3,6,280.0,6,466.7,6,348.9,6,279.0,2,156.0,2,71.5,2,,0,0,2313.4,289.17499999999995,33,2.75,-38.65238095238097,78309.00595238099,,130.2988844377199,2018_abund,2022_abund,37.93452380952658
764,Italy,MIC_PUG_5,Marina di Salve,,0,,0,,0,474.3,3,458.7,6,1018.6,6,686.2,6,434.6,6,363.0,2,177.5,2,202.0,2,,0,0,3814.900000000001,476.86250000000007,33,2.75,-65.83928571428572,133373.46071428573,,271.91286386582425,2017_abund,2021_abund,48.907142857147846
765,Italy,MIC_PUG_6,San Vito,,0,,0,,0,267.9,3,483.1,6,358.9,6,406.3,6,259.9,6,526.5,2,319.5,2,275.0,2,,0,0,2897.1,362.1375,33,2.75,-4.903571428571428,10259.996428571429,,101.66603502926348,2020_abund,2019_abund,330.2642857142855
766,Italy,MIC_SIC_1,Imera,,0,,0,,0,433.3,3,138.6,6,186.4,6,157.6,6,134.8,6,197.5,2,206.0,2,88.0,2,,0,0,1542.2,192.775,33,2.75,-24.638095238095246,49924.77023809525,,104.60896915930024,2015_abund,2022_abund,32.62738095237728
767,Italy,MIC_SIC_4,Priolo Gargallo,,0,,0,,0,1303.3,3,432.0,6,222.7,6,304.5,6,331.8,6,165.0,2,245.0,2,346.5,2,,0,0,3350.8,418.85,33,2.75,-92.60000000000002,187331.95000000004,,366.732939032518,2015_abund,2020_abund,0.0
768,Italy,MIC_SIC_5,Simeto,,0,,0,,0,190.0,3,158.0,6,606.1,6,222.7,6,169.7,6,83.0,2,125.0,2,164.0,2,,0,0,1718.5,214.8125,33,2.75,-23.444047619047627,47536.62261904764,,163.4753405388278,2017_abund,2020_abund,62.42619047619519
769,Italy,MIC_SIC_6,Torre Salsa,,0,,0,,0,53.3,3,50.6,6,28.8,6,56.1,6,54.5,6,198.5,2,93.5,2,69.0,2,,0,0,604.3,75.5375,33,2.75,9.903571428571432,-19914.82142857144,,52.923582037823984,2020_abund,2017_abund,139.91071428571013
1365,Germany,MUKRAN_FH_01,Mukran nördl. Fährhafen,544.0,3,212.5,4,227.5,4,89.0,3,118.0,4,127.0,4,91.5,4,78.0,1,,0,,0,,0,,0,0,1487.5,185.9375,27,2.25,-49.279761904761926,99509.29761904766,-9.058779761904766,155.24023721316584,2012_abund,2019_abund,0.0
1367,Italy,MWE_CAL_2,Cetraro,,0,,0,,0,296.7,3,735.3,6,286.4,6,116.7,6,222.7,6,111.0,2,95.0,2,123.5,2,,0,0,1987.3,248.4125,33,2.75,-57.54880952380954,116410.68452380956,,212.7588201126202,2016_abund,2021_abund,0.0
1368,Italy,MWE_CAL_5,Gioia Tauro,,0,,0,,0,546.7,3,1172.0,6,603.0,6,495.5,6,4115.2,6,314.5,2,325.5,2,3287.5,2,,0,0,10859.9,1357.4875,33,2.75,210.80119047619053,-424144.7154761906,,1487.4140277076278,2019_abund,2020_abund,2727.6952380951843
1369,Italy,MWE_CAL_6,Vibo Marina,,0,,0,,0,663.3,3,2681.5,6,940.9,6,622.7,6,1743.9,6,619.0,2,575.5,2,757.5,2,,0,1,8604.3,1075.5375,33,2.75,-115.6559523809524,234527.0773809524,,753.9007739512447,2016_abund,2021_abund,323.77380952381645
1371,Italy,MWE_CAM_2,"Golfo di Napoli, spiaggia tra porto Marina di Stabia e porto commerciale Castellammare di Stabia",,0,,0,,0,,0,415.2,3,310.6,6,219.7,6,1580.3,6,169.5,2,210.5,2,190.5,2,,0,0,3096.3,442.3285714285715,27,2.25,-33.01785714285713,67105.38214285712,,508.9578198445844,2019_abund,2020_abund,244.221428571429
1372,Italy,MWE_CAM_3,Golfo di Salerno tra Foce Fuorni e Foce Piacentino,,0,,0,,0,,0,309.1,3,756.1,6,1078.8,6,2575.8,6,184.0,2,241.5,2,723.0,2,,0,0,5868.3,838.3285714285714,27,2.25,-24.36785714285715,50037.03214285716,,832.7793619646718,2019_abund,2020_abund,692.1214285714304
1374,Italy,MWE_LAZ_1,Montalto di Castro,,0,,0,,0,2450.0,3,721.2,6,706.1,6,993.9,6,760.6,6,586.5,2,991.0,2,682.5,2,,0,0,7891.8,986.475,33,2.75,-138.2809523809524,280106.5773809524,,608.7882947767171,2015_abund,2020_abund,87.64880952378735
1375,Italy,MWE_LAZ_2,Roma,,0,,0,,0,476.7,3,956.2,6,789.4,6,619.7,6,1136.4,6,1250.5,2,2346.0,2,1601.9,2,,0,0,9176.8,1147.1,33,2.75,199.11190476190484,-400760.27976190497,,603.2044571642829,2021_abund,2015_abund,2441.327380952309
1376,Italy,MWE_LAZ_3,Tarquinia,,0,,0,,0,456.7,3,744.8,6,757.6,6,490.9,6,616.7,6,416.5,2,375.0,2,381.0,2,,0,0,4239.2,529.9,33,2.75,-39.00476190476192,79261.01190476192,,156.5099540421813,2017_abund,2021_abund,276.3690476190532
1377,Italy,MWE_LAZ_4,Vindicio (Formia),,0,,0,,0,573.3,3,2462.1,6,1498.2,6,1237.9,6,937.9,6,774.5,2,205.5,2,896.0,2,,0,1,8585.400000000001,1073.1750000000002,33,2.75,-136.84761904761908,277300.0940476191,,684.3688661825579,2016_abund,2021_abund,183.6654761904501
1378,Italy,MWE_LIG_1,Cogoleto foce Lerone,,0,,0,,0,173.3,3,534.1,6,201.5,6,542.4,6,1230.3,6,563.0,2,267.5,2,612.0,2,,0,0,4124.1,515.5125,33,2.75,41.78928571428572,-83836.16071428572,,338.22603362459927,2019_abund,2015_abund,787.1428571428551
1380,Italy,MWE_LIG_2,Lavagna foce Entella,,0,,0,,0,160.0,3,232.0,6,248.5,6,815.2,6,34.8,6,72.0,2,25.5,2,82.0,2,,0,0,1670.0,208.75,33,2.75,-34.38571428571429,69616.3142857143,,259.3629778625205,2018_abund,2021_abund,0.0
1381,Italy,MWE_LIG_3,Marinella foce Magra,,0,,0,,0,1793.3,3,3146.5,6,3934.8,6,4875.8,3,1663.6,6,1112.0,2,1552.5,2,1092.5,2,,0,1,19171.0,2396.375,30,2.5,-292.33571428571435,592476.0142857144,,1416.2062074934065,2018_abund,2022_abund,496.19285714277066
1382,Italy,MWE_LIG_4,Vado Ligure,,0,,0,,0,2333.3,3,751.7,6,234.8,6,357.6,6,866.7,6,368.5,2,188.5,2,304.0,2,,0,0,5405.1,675.6375,33,2.75,-191.79642857142863,387816.7285714288,,712.6782201917738,2015_abund,2021_abund,0.0
1383,Italy,MWE_LIG_5,Varigotti,,0,,0,,0,156.7,3,53.3,6,45.5,3,307.6,6,274.2,6,313.0,2,137.0,2,65.0,2,,0,0,1352.3,169.0375,30,2.5,6.496428571428574,-12944.003571428577,,114.41966536146036,2020_abund,2017_abund,211.26428571428733
1384,Italy,MWE_SAR_1,Alghero Lido,,0,,0,,0,1016.7,3,1218.2,6,962.1,6,2010.6,6,456.1,6,526.0,1,803.0,2,469.0,2,,0,0,7461.7,932.7125,32,2.6666666666666665,-104.4369047619048,211738.6047619049,,517.6445621066364,2018_abund,2019_abund,253.87261904761544
1385,Italy,MWE_SAR_2,Cagliari Poetto,,0,,0,,0,396.7,3,430.8,6,847.0,6,524.2,6,298.5,6,257.0,2,284.5,2,314.5,2,,0,0,3353.2,419.15,33,2.75,-39.31666666666668,79779.84166666669,,194.4450491600574,2017_abund,2020_abund,163.59166666667443
1386,Italy,MWE_SAR_3,Castiadas Costa Rei,,0,,0,,0,1986.7,3,156.7,3,318.2,9,269.7,6,110.6,6,96.0,2,319.5,2,148.5,2,,0,0,3405.9,425.7375,33,2.75,-153.3226190476191,309907.4440476191,,637.0784453548199,2015_abund,2020_abund,0.0
1387,Italy,MWE_SAR_4,Oristano Is Arenas,,0,,0,,0,1370.0,3,2017.7,6,1690.9,6,1643.9,6,1983.3,6,635.5,2,1482.5,2,393.5,2,,0,1,11217.3,1402.1625,33,2.75,-146.88452380952384,297888.57380952383,,594.1468720238408,2016_abund,2022_abund,447.4130952380365
1388,Italy,MWE_SAR_5,San Teodoro La Cinta,,0,,0,,0,386.7,3,308.6,6,97.0,6,39.4,5,183.3,6,36.0,2,55.0,2,86.0,2,,0,0,1192.0,149.0,32,2.6666666666666665,-40.61904761904764,82138.54761904765,,132.79420168064567,2015_abund,2020_abund,0.0
1389,Italy,MWE_SAR_6,Sant'Anna Arresi Porto Pino,,0,,0,,0,90.0,3,154.5,6,187.9,6,381.8,6,151.5,6,65.0,2,272.0,2,236.0,2,,0,0,1538.6999999999998,192.3375,33,2.75,12.029761904761909,-24089.73690476191,,102.78649073964648,2018_abund,2020_abund,270.5309523809556
1390,Italy,MWE_SIC_2,Milazzo,,0,,0,,0,790.0,3,450.0,6,295.5,6,339.4,6,497.0,6,624.5,2,676.0,2,811.5,2,,0,0,4483.9,560.4875,33,2.75,28.87023809523809,-57714.08809523808,,195.8352838302055,2022_abund,2017_abund,748.1440476190473
1391,Italy,MWE_SIC_3,Mondello,,0,,0,,0,206.7,3,447.0,6,375.8,6,425.8,6,340.9,6,215.5,2,358.5,2,332.0,2,,0,0,2702.2,337.775,33,2.75,-1.5619047619047628,3490.479761904764,,87.61023668172899,2016_abund,2015_abund,327.62261904761954
1392,Italy,MWE_TOS_1,Collelungo,,0,,0,,0,91.9,3,61.8,6,150.7,6,178.5,6,161.8,6,39.0,1,123.0,2,70.0,2,,0,0,876.6999999999999,109.5875,32,2.6666666666666665,-2.3702380952380957,4893.913095238095,,51.39687143063421,2018_abund,2020_abund,94.18095238095157
1394,Italy,MWE_TOS_2,Forte dei Marmi - Vittoria Apuana,,0,,0,,0,683.8,3,1258.1,6,492.7,6,593.3,6,266.1,6,,0,418.5,2,561.0,2,,0,0,4273.5,610.5,31,2.583333333333333,-63.80398550724637,129385.17246376807,,315.39840942317176,2016_abund,2019_abund,182.1018115941988
1395,Italy,MWE_TOS_3,Marina di Castagneto,,0,,0,,0,502.7,3,375.7,6,442.9,6,862.4,6,813.6,6,378.0,1,156.0,2,130.5,2,,0,0,3661.8,457.725,32,2.6666666666666665,-46.99285714285715,95312.80714285716,,268.2881593148893,2018_abund,2022_abund,152.2714285714319
1396,Italy,MWE_TOS_4,Marina di Vecchiano,,0,,0,,0,190.0,3,250.0,6,171.8,6,225.5,6,79.9,6,60.0,1,927.5,2,278.0,2,,0,0,2182.7,272.8375,32,2.6666666666666665,41.93452380952382,-84371.99880952384,,275.4132839285094,2021_abund,2020_abund,545.4119047618879
1398,Italy,MWE_TOS_5,Quagliodromo,,0,,0,,0,248.6,3,267.6,6,190.8,6,432.3,3,206.1,5,169.0,1,204.5,2,219.0,2,,0,0,1937.9,242.2375,28,2.333333333333333,-9.694047619047623,19809.672619047626,,82.88292840765565,2018_abund,2020_abund,179.22619047618718
1403,Netherlands,NL001,Bergen,140.5,4,372.0,4,362.0,4,195.0,5,652.0,3,282.0,4,406.0,4,379.5,4,153.5,4,142.5,4,158.5,4,84.0,4,0,3327.5,277.2916666666667,48,4.0,-17.41433566433566,35410.713869463856,-12.394544956822534,163.4948509521899,2016_abund,2023_abund,146.68414918414783
1404,Netherlands,NL002,Noordwijk,293.5,4,224.0,4,513.0,4,158.5,4,165.0,4,236.0,4,147.5,4,265.5,4,50.5,4,78.5,4,223.0,4,50.0,4,0,2405.0,200.41666666666663,48,4.0,-21.17482517482517,42920.626456876445,-7.214591200962579,127.46351230723629,2014_abund,2023_abund,41.60547785547533
1405,Netherlands,NL003,Veere,293.5,4,378.0,4,85.5,4,198.5,4,110.0,4,149.5,4,88.5,4,107.5,4,106.0,3,107.0,4,115.5,4,49.0,4,0,1788.5,149.04166666666666,47,3.9166666666666665,-18.99475524475524,38470.96037296036,-6.47180757913296,96.03159005180945,2013_abund,2023_abund,6.581002331004129
1406,Netherlands,NL004,Terschelling,445.0,3,448.0,4,179.0,4,218.0,5,374.0,3,209.5,4,126.0,4,126.0,3,80.5,4,168.0,4,125.5,4,54.5,4,0,2554.0,212.83333333333331,46,3.8333333333333335,-30.734265734265723,62219.21445221443,-6.906576569497916,136.0683874403091,2013_abund,2023_abund,0.0
1414,Germany,NOBBIN_HG_01,Nobbin unterhalb Hünengrab,104.0,3,51.5,4,40.5,4,27.0,4,49.0,4,36.0,4,18.5,4,43.0,2,14.0,4,8.5,4,7.5,4,16.5,4,0,416.0,34.666666666666664,45,3.75,-5.884615384615384,11906.878205128203,-5.658284023668639,26.800893246081905,2012_abund,2022_abund,0.0
1418,Slovenia,PI2,Piran 2,1506.0,11,,0,1466.0,1,1982.0,5,,0,,0,96.0,2,92.5,4,39.0,2,,0,,0,,0,0,5181.5,863.5833333333334,25,2.083333333333333,-244.04729729729732,492944.2837837839,-16.204999820537672,882.060339016933,2015_abund,2020_abund,0.0
1421,Poland,PL0001,Choczewo,,0,,0,,0,31.6,3,15.3,5,8.6,3,18.0,4,20.7,4,10.2,4,1.8,4,7.6,4,,0,0,113.8,14.225,31,2.583333333333333,-2.714285714285716,5493.010714285718,,9.299270324677552,2015_abund,2021_abund,0.0
1422,Poland,PL0002,Darlowo,,0,,0,,0,35.4,3,11.9,4,15.3,5,13.1,3,12.3,5,17.2,3,3.7,4,6.0,4,,0,0,114.9,14.3625,31,2.583333333333333,-2.879761904761906,5827.161904761908,,9.614265814031622,2015_abund,2021_abund,0.0
1423,Poland,PL0003,Dziwnow,,0,,0,,0,22.6,2,39.9,4,18.0,5,61.6,3,92.4,4,29.6,4,3.7,4,10.2,4,,0,0,278.0,34.75,30,2.5,-2.4071428571428584,4893.56785714286,,29.501767501529223,2019_abund,2021_abund,19.10357142857174
1424,Poland,PL0004,Gdansk,,0,,0,,0,10.0,4,12.7,4,11.9,4,9.1,4,26.1,4,46.6,4,23.1,4,10.9,4,,0,0,150.4,18.8,32,2.6666666666666665,2.1357142857142866,-4292.139285714287,,12.89174708319795,2020_abund,2018_abund,32.682142857142935
1425,Poland,PL0005,Gdynia,,0,,0,,0,35.1,3,15.2,4,18.5,4,19.1,4,16.4,4,24.7,4,25.9,4,19.6,4,,0,0,174.5,21.8125,31,2.583333333333333,-0.4654761904761904,961.3761904761903,,6.523022415151694,2015_abund,2016_abund,18.78690476190468
1426,Poland,PL0006,Hel (I),,0,,0,,0,5.1,3,8.3,4,6.3,4,7.5,4,8.5,5,14.3,3,13.1,4,8.5,4,,0,0,71.6,8.95,31,2.583333333333333,0.866666666666667,-1740.4166666666674,,3.1762511595545195,2020_abund,2015_abund,14.583333333333258
1427,Poland,PL0007,Hel (II),,0,,0,,0,4.4,3,8.5,4,6.7,4,7.7,4,12.9,4,35.5,4,23.0,4,19.2,4,,0,0,117.9,14.7375,31,2.583333333333333,3.1869047619047635,-6418.029761904765,,10.573138133969495,2020_abund,2015_abund,35.452380952380736
1428,Poland,PL0008,Kolobrzeg/ Ustronie Morskie,,0,,0,,0,22.1,3,9.0,4,7.7,4,6.7,4,6.9,5,6.3,3,6.4,4,7.2,4,,0,0,72.30000000000001,9.0375,31,2.583333333333333,-1.4440476190476197,2923.8476190476204,,5.348948494797833,2015_abund,2020_abund,0.0
1429,Poland,PL0009,Krynica Morska,,0,,0,,0,4.4,3,5.4,5,13.8,4,8.3,4,9.4,4,27.6,3,16.5,4,15.2,4,,0,0,100.6,12.575,31,2.583333333333333,2.066666666666668,-4158.991666666669,,7.523439562935484,2020_abund,2015_abund,26.00833333333321
1430,Poland,PL0010,Mielno,,0,,0,,0,67.2,3,63.9,5,12.4,4,86.2,3,23.0,5,41.9,3,8.0,4,11.1,4,,0,0,313.7,39.2125,31,2.583333333333333,-7.701190476190478,15584.06547619048,,30.12855491769513,2018_abund,2021_abund,0.0
1431,Poland,PL0011,Smoldzino,,0,,0,,0,8.1,4,10.8,4,6.4,3,9.3,4,10.8,4,8.4,4,3.5,4,7.2,4,,0,0,64.5,8.0625,31,2.583333333333333,-0.4202380952380953,856.3130952380955,,2.418935716384377,2016_abund,2021_abund,5.33095238095234
1432,Poland,PL0012,Stegna,,0,,0,,0,9.9,3,3.5,5,12.3,4,10.1,4,13.9,4,31.1,3,36.2,4,20.8,4,,0,0,137.8,17.225,31,2.583333333333333,3.5714285714285725,-7191.703571428573,,11.297629334131502,2021_abund,2016_abund,40.4392857142866
1433,Poland,PL0013,Swinoujscie,,0,,0,,0,57.6,3,18.0,4,8.2,5,27.5,3,27.7,4,20.0,4,5.9,4,6.1,4,,0,0,171.0,21.375,31,2.583333333333333,-4.588095238095241,9282.445238095244,,17.11071093120998,2015_abund,2021_abund,0.0
1434,Poland,PL0014,Trzebiatow (Mrzezyno),,0,,0,,0,11.2,3,52.8,4,4.9,5,35.3,3,88.0,4,23.0,4,5.8,4,8.5,4,,0,0,229.5,28.6875,31,2.583333333333333,-1.7488095238095236,3558.6595238095238,,29.224472988038148,2019_abund,2017_abund,17.320238095237983
1435,Poland,PL0015,Ustka,,0,,0,,0,55.5,4,32.0,4,23.3,3,32.5,4,30.7,4,9.8,4,3.3,4,9.9,3,,0,0,197.00000000000003,24.625000000000004,30,2.5,-6.011904761904764,12159.654761904763,,16.901796185190328,2015_abund,2021_abund,0.0
1436,Germany,POEL_GOL_01,Insel Poel westl. Gollwitz,,0,34.0,3,28.0,4,23.0,4,17.5,4,29.5,4,9.0,4,9.5,4,3.0,3,6.5,2,7.0,4,2.0,3,0,169.0,15.363636363636363,39,3.25,-3.113636363636365,6298.681818181821,,11.5088898445743,2013_abund,2023_abund,0.0
1437,Portugal,PT001,Praia da Barra,,0,34.0,1,154.0,5,227.0,3,432.5,4,178.5,4,753.5,4,633.5,4,299.0,3,78.0,2,117.5,4,421.0,3,0,3328.5,302.59090909090907,37,3.083333333333333,13.90909090909091,-27765.954545454548,,233.18713710042175,2018_abund,2013_abund,399.9545454545441
1439,Portugal,PT004,Ilha de Faro,,0,134.0,4,484.0,4,311.5,4,223.5,4,284.0,4,385.0,4,151.0,4,214.0,3,198.5,4,142.0,4,317.0,4,0,2844.5,258.59090909090907,43,3.583333333333333,-8.581818181818186,17576.700000000008,,110.07629585469756,2014_abund,2013_abund,198.5181818181809
1440,Portugal,PT005,Batata,,0,109.5,4,63.0,4,71.5,4,81.0,4,87.0,3,188.0,3,144.5,4,218.5,4,176.5,2,153.0,4,148.5,4,0,1441.0,131.0,40,3.333333333333333,10.931818181818183,-21929.4090909091,,51.97162687467076,2020_abund,2014_abund,207.5227272727243
1441,Portugal,PT007,Cabedelo,,0,55.0,2,198.5,4,97.0,4,256.5,4,594.0,4,877.5,4,611.5,4,387.0,4,232.0,4,199.5,4,520.5,4,0,4029.0,366.27272727272725,42,3.5,27.40909090909091,-54945.27272727273,,255.53936718599385,2018_abund,2013_abund,558.1363636363676
1443,Portugal,PT008,Osso da Baleia,,0,474.0,3,1069.0,4,634.5,4,648.0,4,464.0,4,603.5,4,605.0,4,371.0,3,305.5,4,453.0,4,520.0,4,0,6147.5,558.8636363636364,42,3.5,-33.03636363636365,67226.24545454548,,201.60122654749537,2014_abund,2021_abund,327.6090909090853
1444,Portugal,PT009,Amoeiras,,0,217.0,4,367.0,3,1059.0,4,569.0,4,1048.0,5,751.0,3,394.0,4,512.0,2,169.0,4,447.5,4,126.0,4,0,5659.5,514.5,41,3.4166666666666665,-32.46363636363638,66026.11818181822,,322.42603803042954,2015_abund,2023_abund,287.25454545454704
1446,Portugal,PT010,Fonte da Telha,,0,669.0,4,687.0,3,723.0,4,1394.5,4,743.5,4,1298.5,4,653.5,4,502.0,3,477.0,4,552.5,4,1081.5,4,1,8782.0,798.3636363636364,42,3.5,-9.89545454545455,20767.39090909092,,315.602288561814,2016_abund,2021_abund,729.0954545454551
1448,Portugal,PT011,Monte Velho,,0,560.0,4,858.0,5,490.0,4,462.0,4,482.0,3,314.5,4,167.5,4,162.0,3,139.0,3,132.5,4,111.5,4,0,3879.0,352.6363636363636,42,3.5,-64.65454545454548,130825.50909090917,,238.80442739918905,2014_abund,2023_abund,0.0
1449,Portugal,PT012,Barranha,,0,13.0,1,36.0,5,11.0,3,22.0,4,12.5,4,41.5,4,83.0,4,66.0,3,106.0,3,135.0,4,154.0,4,0,680.0,61.81818181818182,39,3.25,14.040909090909096,-28272.736363636377,,51.31679682485684,2023_abund,2015_abund,160.10454545454195
1451,Portugal,PT014,Paredes de Vitória,,0,,0,,0,,0,,0,454.0,3,509.5,4,686.0,4,466.0,3,311.0,4,187.5,4,116.5,4,0,2730.5,390.07142857142856,26,2.1666666666666665,-72.55357142857142,146948.28571428568,,197.4072416291233,2019_abund,2023_abund,27.30357142855064
1452,Portugal,PT015,FURADOURO SUL,,0,,0,,0,,0,,0,,0,335.0,4,291.0,4,2125.5,2,141.5,2,92.0,4,76.0,3,0,3061.0,510.1666666666667,19,1.5833333333333333,-110.74285714285712,224266.1095238095,,798.410713020978,2020_abund,2023_abund,11.823809523804812
1454,Portugal,PT017,Baleal Leste,,0,,0,,0,,0,,0,418.0,1,574.0,4,497.5,4,486.0,3,361.5,4,751.0,3,339.0,4,0,3427.0,489.57142857142856,23,1.9166666666666667,-0.6785714285714284,1860.2857142857135,,141.27114253903986,2022_abund,2023_abund,486.1785714285713
1455,Portugal,PT018,Areia - Corvo - Azores,,0,,0,,0,,0,,0,12.5,4,31.5,4,8.0,4,12.0,3,17.0,3,27.5,4,55.5,4,0,164.0,23.428571428571427,26,2.1666666666666665,4.6428571428571415,-9355.142857142857,,16.531355488456303,2023_abund,2019_abund,46.64285714285688
1456,Portugal,PT019,São Félix da Marinha,,0,,0,,0,,0,,0,,0,373.0,1,233.0,4,105.5,4,634.0,3,451.5,4,1336.0,4,0,3133.0,522.1666666666666,20,1.6666666666666667,171.39999999999998,-345791.53333333327,,438.0192537625106,2023_abund,2020_abund,1293.4666666666744
1457,Portugal,PT020,Almoxarife - Faial - Azores,,0,,0,,0,,0,,0,48.5,4,51.0,4,8.0,4,29.0,2,47.5,2,23.5,2,49.0,3,0,256.5,36.642857142857146,21,1.75,-0.5000000000000004,1046.642857142858,,16.677615451342472,2018_abund,2019_abund,34.14285714285711
1458,Portugal,PT021,Praia do Norte - Faial - Azores,,0,,0,,0,,0,,0,62.5,4,107.0,4,49.5,4,95.5,2,86.5,2,181.5,2,41.0,3,0,623.5,89.07142857142857,21,1.75,4.339285714285714,-8676.285714285714,,47.42575651428642,2022_abund,2023_abund,110.7678571428587
1459,Portugal,PT022,Praia da Maia - São Miguel - Azores,,0,,0,,0,,0,,0,88.5,4,113.0,3,119.0,4,68.5,2,41.0,2,101.5,4,108.0,4,0,639.5,91.35714285714286,23,1.9166666666666667,-1.5178571428571428,3157.428571428571,,27.92506980849867,2019_abund,2021_abund,83.76785714285688
1460,Portugal,PT024,São Lourenço - Santa Maria - Azores,,0,,0,,0,,0,,0,97.0,4,110.0,3,69.5,4,32.0,3,0.5,2,62.0,4,29.0,3,0,400.0,57.142857142857146,23,1.9166666666666667,-13.178571428571429,26677.857142857145,,39.13940287156738,2018_abund,2021_abund,0.0
1478,Romania,RO000001,Vama Veche,,0,,0,,0,,0,462.7,1,2552.9,2,2008.3,2,1386.8,2,582.8,2,1506.4,2,559.8,2,,0,0,9059.7,1294.242857142857,13,1.0833333333333333,-115.25714285714288,233998.4142857143,,804.6421209812117,2017_abund,2016_abund,602.6999999999825
1480,Romania,RO000002,Saturn,,0,,0,,0,,0,1485.8,2,2530.9,2,2953.4,2,2535.3,2,1089.2,2,1114.7,3,561.8,3,,0,1,12271.100000000002,1753.014285714286,16,1.3333333333333333,-266.7357142857142,540292.4214285712,,912.5506806539048,2018_abund,2022_abund,152.59999999997672
1484,Romania,RO000004,Eforie,,0,,0,,0,,0,2672.9,2,1087.1,2,675.9,4,4380.5,2,1382.1,2,1455.3,2,770.3,1,,0,1,12424.1,1774.8714285714284,15,1.25,-152.3285714285714,309326.25714285707,,1325.5239438479734,2019_abund,2018_abund,860.9000000000233
1486,Romania,RO000005,Constanta,,0,,0,,0,,0,3668.6,2,1711.0,2,4754.3,2,5346.2,2,3070.1,2,1665.0,3,1009.7,3,,0,1,21224.9,3032.128571428572,16,1.3333333333333333,-348.3178571428569,706285.8821428568,,1654.890594283386,2019_abund,2022_abund,942.2214285715016
1488,Romania,RO000006,Mamaia Nord,,0,,0,,0,,0,2092.5,2,1325.2,2,1981.8,2,3439.3,2,3071.5,2,1954.3,2,1731.0,2,,0,1,15595.6,2227.942857142857,14,1.1666666666666667,45.12142857142856,-88872.2214285714,,752.1838358121922,2019_abund,2017_abund,2498.671428571426
1490,Romania,RO000007,Navodari,,0,,0,,0,,0,2175.5,2,3298.0,2,2978.5,2,3067.5,2,3165.5,2,2632.2,2,2455.9,2,,0,1,19773.1,2824.728571428572,14,1.1666666666666667,-10.835714285714298,24702.03571428574,,411.7633086871053,2017_abund,2016_abund,2759.7142857142862
1492,Romania,RO000008,Corbu,,0,,0,,0,,0,755.5,2,247.7,2,535.3,2,361.9,2,375.2,2,188.0,3,142.0,3,,0,0,2605.6,372.2285714285714,16,1.3333333333333333,-75.71428571428571,153239.3714285714,,214.49845154286243,2016_abund,2022_abund,0.0
1503,Germany,ROSENHGN_HBÄ_01,Rosenhagen westl. Mdg. Harkenbäk,,0,41.0,3,61.5,4,50.5,4,32.0,4,42.5,4,14.5,4,11.5,4,13.5,4,9.0,3,5.0,4,5.0,3,0,286.0,26.0,41,3.4166666666666665,-5.440909090909092,11005.754545454549,,20.158124912798808,2014_abund,2022_abund,0.0
1508,Sweden,SE004,Haby,129.0,3,139.0,3,315.0,3,193.0,3,129.0,3,74.0,3,167.0,3,160.0,3,704.0,3,211.0,3,117.0,3,935.0,3,0,3273.0,272.75,36,3.0,37.34615384615383,-75073.11538461536,28.950506857483592,266.8643254198998,2023_abund,2017_abund,552.8461538461561
1509,Sweden,SE005,Edsvik,764.0,3,445.0,3,208.0,3,10047.0,2,2029.0,3,3764.0,3,25192.0,3,16272.0,3,8883.0,3,119.0,3,115.0,3,1239.0,3,1,69077.0,5756.416666666667,35,2.9166666666666665,209.68181818181807,-417276.65151515126,27.44526415992383,7990.339513304725,2018_abund,2022_abund,7329.030303030333
1510,Sweden,SE006,Saltö,677.0,3,687.0,3,396.0,3,2868.0,2,2025.0,3,3143.0,3,4603.0,3,2727.0,3,36300.0,3,198.0,3,481.0,3,447.0,3,1,54552.0,4546.0,35,2.9166666666666665,576.7692307692306,-1159085.9230769228,85.19486421997497,10099.877280982631,2020_abund,2021_abund,8871.769230769249
1511,Sweden,SE007,Grönevik,110.0,3,124.0,3,103.0,3,144.0,3,130.5,2,76.0,3,150.0,3,88.0,3,95.0,3,35.0,3,14.0,3,112.0,3,0,1181.5,98.45833333333331,35,2.9166666666666665,-6.092657342657343,12390.394522144525,-5.5387794024157655,41.046236862909375,2018_abund,2022_abund,52.76340326340505
1512,Sweden,SE008,Edshultshall,18.0,3,21.0,3,54.0,3,66.0,3,38.0,3,207.0,3,1102.0,3,909.0,3,220.0,3,375.0,3,42.0,3,400.0,3,0,3452.0,287.6666666666667,36,3.0,38.16783216783215,-76715.9347319347,212.043512043512,363.16520992100783,2018_abund,2012_abund,573.9254079254024
1513,Sweden,SE009,Gröderhamn,744.0,3,1004.0,3,992.0,3,1030.0,3,1534.0,3,1197.0,3,961.0,3,670.0,3,496.0,3,110.0,3,213.0,3,935.0,3,1,9886.0,823.8333333333334,36,3.0,-58.35664335664334,118558.36130536126,-7.84363485976389,404.3171197628581,2016_abund,2021_abund,386.1585081585072
1514,Germany,SELLIN_GR_01,Sellin an der Granitz (Nordostufer),227.0,3,56.0,4,40.5,4,12.0,4,47.0,4,12.5,4,11.0,3,7.0,1,,0,,0,,0,,0,0,413.0,51.625,27,2.25,-21.595238095238106,43576.8273809524,-9.513320746800924,73.35176986860742,2012_abund,2019_abund,0.0
1515,Slovenia,ST1,Strunjan 1,4518.0,11,,0,1466.0,1,1982.0,5,,0,645.0,3,529.0,2,642.5,4,318.5,2,,0,,0,,0,2,10101.0,1443.0,28,2.333333333333333,-450.7859195402299,910420.6077586206,-9.977554660031648,1478.97348973311,2012_abund,2020_abund,0.0
1518,Germany,STEINBECK_KLH_01,Steinbeck östl. Kleinklützhöved,,0,62.0,3,40.0,4,18.0,3,20.0,4,25.0,4,11.0,4,9.0,4,11.5,4,5.0,3,12.0,4,4.5,2,0,218.0,19.818181818181817,39,3.25,-4.286363636363638,8669.700000000003,,17.309351124858388,2013_abund,2023_abund,0.0
1520,Germany,TORFBR_WIDORT_01,Torfbrücke Wiedort,,0,,0,,0,,0,,0,89.0,1,41.5,4,89.0,5,86.5,4,78.0,3,38.5,4,25.5,4,0,448.0,64.0,25,2.083333333333333,-7.410714285714286,15033.642857142857,,27.661646130819232,2017_abund,2023_abund,26.94642857142935
1578,Germany,USEDOM_PE_01,Insel Usedom östl. Peenemünde,,0,,0,119.0,4,77.5,4,66.5,4,42.5,4,56.5,4,67.0,2,,0,74.5,4,61.0,3,84.5,4,0,649.0,72.11111111111111,33,2.75,-1.7916666666666667,3688.291666666667,,21.47204254632314,2014_abund,2017_abund,60.16666666666697
1579,Germany,VARNKEVZ_HL_01,Varnkevitz westl. Höllenliet,40.0,3,97.0,5,42.0,4,49.0,4,37.5,4,71.0,3,43.5,4,28.5,4,30.5,4,12.5,4,18.0,4,20.5,4,0,490.0,40.833333333333336,47,3.9166666666666665,-4.472027972027971,9063.149766899764,-11.180069930069928,23.64157867876514,2013_abund,2021_abund,7.2931235431242385
1580,Germany,VILM_WS_01,Insel Vilm am Waschstein,6.5,4,14.0,3,13.0,4,15.0,3,26.0,3,21.0,4,42.0,3,25.0,4,20.5,4,12.0,4,18.0,3,8.0,5,0,221.0,18.416666666666668,44,3.6666666666666665,0.3181818181818181,-623.5151515151514,4.895104895104894,9.631466737478332,2018_abund,2012_abund,20.80303030303025
1585,Germany,WIESCHNDF_HUK_02,Hohen Wieschendorf Huk Nordschanze,,0,,0,16.5,4,20.0,4,15.5,4,19.5,4,15.5,4,8.0,4,7.0,4,7.0,3,15.0,3,8.5,2,0,132.5,13.25,36,3.0,-1.1787878787878787,2392.633333333333,,5.12754002097172,2015_abund,2020_abund,5.587878787878708
1588,Germany,ZINGST_KIR_01,Zingst am Kirchweg,,0,8.0,3,6.0,4,2.0,4,1.0,3,2.0,3,3.0,3,1.5,4,2.5,4,1.5,4,2.5,4,2.0,3,0,32.0,2.909090909090909,39,3.25,-0.3909090909090909,791.7636363636364,,2.1426406817077592,2013_abund,2016_abund,0.1727272727272293
1589,Germany,ZINGST_WAS_01,Zingst am Wasserweg,,0,8.0,3,14.0,3,6.5,4,6.0,3,5.5,4,6.0,4,3.5,4,6.0,4,2.5,4,6.0,4,6.5,4,0,70.5,6.409090909090909,41,3.4166666666666665,-0.4863636363636365,987.8909090909094,,2.922483377353769,2014_abund,2021_abund,3.0045454545454504
